GISJOIN,YEAR,STUSAB,REGIONA,DIVISIONA,STATE,STATEA,COUNTY,COUNTYA,COUSUBA,PLACEA,TRACTA,BLKGRPA,CONCITA,AIANHHA,RES_ONLYA,TRUSTA,AIHHTLI,AITSA,ANRCA,CBSAA,CSAA,METDIVA,CNECTA,NECTADIV,UAA,CDCURRA,SLDUA,SLDLA,ZCTA5A,SUBMCDA,SDELMA,SDSECA,SDUNIA,PCI,PUMAA,GEO_ID,BTTRA,BTBGA,TL_GEO_ID,NAME_E,ASWUE001,ASWUE002,ASWUE003,ASWUE004,ASWUE005,ASWUE006,ASWUE007,ASWUE008,ASWUE009,ASWUE010,ASWUE011,ASWUE012,ASWUE013,ASWUE014,ASWUE015,ASWUE016,ASWUE017,ASWUE018,ASWUE019,ASWUE020,ASWUE021,ASWUE022,ASWUE023,ASWUE024,ASWUE025,NAME_M,ASWUM001,ASWUM002,ASWUM003,ASWUM004,ASWUM005,ASWUM006,ASWUM007,ASWUM008,ASWUM009,ASWUM010,ASWUM011,ASWUM012,ASWUM013,ASWUM014,ASWUM015,ASWUM016,ASWUM017,ASWUM018,ASWUM019,ASWUM020,ASWUM021,ASWUM022,ASWUM023,ASWUM024,ASWUM025
"G2000010","2019-2023","KS",,,"Kansas","20","Allen County","001",,,,,,,,,,,,,,,".",".",,,,,,,,,,,,"0500000US20001",,,"20001","Allen County, Kansas",5014,220,0,154,66,398,0,275,123,798,0,598,200,834,0,695,139,1010,4,817,189,1754,1,1596,157,"Allen County, Kansas",195,73,18,65,42,129,18,113,60,169,18,125,100,158,18,149,58,144,7,140,78,215,3,190,99
"G2000030","2019-2023","KS",,,"Kansas","20","Anderson County","003",,,,,,,,,,,,,,,".",".",,,,,,,,,,,,"0500000US20003",,,"20003","Anderson County, Kansas",3287,92,2,54,36,291,0,210,81,640,1,473,166,316,2,293,21,535,0,370,165,1413,0,965,448,"Anderson County, Kansas",114,48,3,39,28,119,16,111,46,156,4,130,109,99,3,98,16,123,16,104,102,171,16,162,134
"G2000050","2019-2023","KS",,,"Kansas","20","Atchison County","005",,,,,,,,,,,,,,,".",".",,,,,,,,,,,,"0500000US20005",,,"20005","Atchison County, Kansas",5876,386,0,172,214,391,0,262,129,857,0,680,177,840,0,721,119,1031,0,935,96,2371,1,2165,205,"Atchison County, Kansas",232,130,18,59,116,123,18,127,71,178,18,163,84,145,18,165,87,181,18,182,50,253,3,231,86
"G2000070","2019-2023","KS",,,"Kansas","20","Barber County","007",,,,,,,,,,,,,,,".",".",,,,,,,,,,,,"0500000US20007",,,"20007","Barber County, Kansas",1806,108,0,48,60,117,0,84,33,237,1,194,42,241,0,184,57,398,1,327,70,705,0,695,10,"Barber County, Kansas",119,46,11,25,35,40,11,31,20,60,3,57,24,57,11,48,26,102,3,97,44,90,11,91,13
"G2000090","2019-2023","KS",,,"Kansas","20","Barton County","009",,,,,,,,,,,,,,,".",".",,,,,,,,,,,,"0500000US20009",,,"20009","Barton County, Kansas",10219,459,0,379,80,836,0,670,166,1760,0,1207,553,1454,0,1296,158,1944,0,1629,315,3766,0,3581,185,"Barton County, Kansas",293,160,21,145,44,174,21,175,58,251,21,223,161,272,21,250,101,329,21,282,128,302,21,295,78
"G2000110","2019-2023","KS",,,"Kansas","20","Bourbon County","011",,,,,,,,,,,,,,,".",".",,,,,,,,,,,,"0500000US20011",,,"20011","Bourbon County, Kansas",5770,193,0,146,47,482,1,343,138,957,0,770,187,764,5,661,98,736,13,681,42,2638,9,2439,190,"Bourbon County, Kansas",229,82,18,70,38,161,3,140,72,225,18,216,78,155,8,151,47,160,17,156,27,253,15,274,93
"G2000130","2019-2023","KS",,,"Kansas","20","Brown County","013",,,,,,,,,,,,,,,".",".",,,,,,,,,,,,"0500000US20013",,,"20013","Brown County, Kansas",3719,199,0,150,49,307,4,187,116,469,12,364,93,538,3,450,85,744,0,665,79,1462,1,1316,145,"Brown County, Kansas",134,58,16,54,25,73,5,54,64,95,20,89,40,101,5,91,45,139,16,134,19,156,2,145,100
"G2000150","2019-2023","KS",,,"Kansas","20","Butler County","015",,,,,,,,,,,,,,,".",".",,,,,,,,,,,,"0500000US20015",,,"20015","Butler County, Kansas",25025,990,0,731,259,1428,12,984,432,2378,0,1671,707,2480,0,2105,375,4511,10,4106,395,13238,10,12566,662,"Butler County, Kansas",337,292,27,228,163,274,20,235,138,315,27,261,227,322,27,302,126,412,13,404,120,443,15,487,227
"G2000170","2019-2023","KS",,,"Kansas","20","Chase County","017",,,,,,,,,,,,,,,".",".",,,,,,,,,,,,"0500000US20017",,,"20017","Chase County, Kansas",1145,53,0,31,22,139,0,74,65,152,3,100,49,135,0,111,24,294,0,267,27,372,1,332,39,"Chase County, Kansas",63,28,11,20,21,42,11,25,35,42,4,39,30,40,11,37,19,75,11,69,23,59,3,55,24
"G2000190","2019-2023","KS",,,"Kansas","20","Chautauqua County","019",,,,,,,,,,,,,,,".",".",,,,,,,,,,,,"0500000US20019",,,"20019","Chautauqua County, Kansas",1315,72,0,48,24,120,3,79,38,160,0,107,53,236,0,198,38,289,7,263,19,438,0,393,45,"Chautauqua County, Kansas",96,30,11,22,22,34,5,32,14,43,11,40,23,66,11,63,25,55,8,57,12,72,11,68,24
"G2000210","2019-2023","KS",,,"Kansas","20","Cherokee County","021",,,,,,,,,,,,,,,".",".",,,,,,,,,,,,"0500000US20021",,,"20021","Cherokee County, Kansas",7727,436,0,293,143,682,0,408,274,1132,0,849,283,1153,9,944,200,1549,1,1333,215,2775,5,2674,96,"Cherokee County, Kansas",202,142,18,124,84,163,18,128,103,231,18,214,108,215,14,193,78,253,3,247,92,254,7,251,52
"G2000230","2019-2023","KS",,,"Kansas","20","Cheyenne County","023",,,,,,,,,,,,,,,".",".",,,,,,,,,,,,"0500000US20023",,,"20023","Cheyenne County, Kansas",1186,49,0,19,30,125,0,66,59,199,0,164,35,146,0,113,33,287,2,270,15,380,0,366,14,"Cheyenne County, Kansas",68,25,11,12,24,45,11,36,33,61,11,58,21,35,11,31,23,60,5,57,16,66,11,64,12
"G2000250","2019-2023","KS",,,"Kansas","20","Clark County","025",,,,,,,,,,,,,,,".",".",,,,,,,,,,,,"0500000US20025",,,"20025","Clark County, Kansas",813,37,1,26,10,46,0,25,21,120,0,85,35,67,0,60,7,179,0,143,36,364,0,356,8,"Clark County, Kansas",73,28,2,28,8,21,11,12,17,37,11,33,22,25,11,21,12,48,11,40,29,57,11,59,11
"G2000270","2019-2023","KS",,,"Kansas","20","Clay County","027",,,,,,,,,,,,,,,".",".",,,,,,,,,,,,"0500000US20027",,,"20027","Clay County, Kansas",3629,120,0,112,8,371,0,190,181,447,30,259,158,381,0,249,132,939,0,896,43,1371,0,1338,33,"Clay County, Kansas",118,68,16,69,8,126,16,83,121,143,35,105,89,118,16,91,88,179,16,181,32,178,16,172,33
"G2000290","2019-2023","KS",,,"Kansas","20","Cloud County","029",,,,,,,,,,,,,,,".",".",,,,,,,,,,,,"0500000US20029",,,"20029","Cloud County, Kansas",3670,156,0,123,33,295,0,191,104,494,18,382,94,700,0,492,208,787,2,718,67,1238,0,1141,97,"Cloud County, Kansas",151,60,16,50,27,92,16,65,64,132,21,113,52,145,16,118,91,129,3,131,29,184,16,189,52
"G2000310","2019-2023","KS",,,"Kansas","20","Coffey County","031",,,,,,,,,,,,,,,".",".",,,,,,,,,,,,"0500000US20031",,,"20031","Coffey County, Kansas",3547,110,0,70,40,253,0,197,56,442,0,317,125,501,6,439,56,603,3,525,75,1638,7,1501,130,"Coffey County, Kansas",99,49,16,33,29,69,16,65,22,94,16,81,50,111,9,108,29,98,5,100,31,153,10,159,59
"G2000330","2019-2023","KS",,,"Kansas","20","Comanche County","033",,,,,,,,,,,,,,,".",".",,,,,,,,,,,,"0500000US20033",,,"20033","Comanche County, Kansas",821,29,0,23,6,77,0,48,29,160,0,111,49,162,0,136,26,139,0,125,14,254,2,248,4,"Comanche County, Kansas",80,14,11,12,7,33,11,24,19,57,11,60,26,61,11,60,18,40,11,40,13,50,3,49,5
"G2000350","2019-2023","KS",,,"Kansas","20","Cowley County","035",,,,,,,,,,,,,,,".",".",,,,,,,,,,,,"0500000US20035",,,"20035","Cowley County, Kansas",13339,753,9,512,232,1163,13,844,306,2010,3,1484,523,1847,0,1500,347,2517,0,2116,401,5049,3,4717,329,"Cowley County, Kansas",363,191,14,149,125,218,18,194,107,296,4,250,147,287,24,262,116,276,24,268,155,339,4,328,141
"G2000370","2019-2023","KS",,,"Kansas","20","Crawford County","037",,,,,,,,,,,,,,,".",".",,,,,,,,,,,,"0500000US20037",,,"20037","Crawford County, Kansas",15897,1020,0,727,293,2063,0,1284,779,2550,0,2116,434,2267,0,1987,280,2846,0,2648,198,5151,0,4909,242,"Crawford County, Kansas",296,198,24,171,114,307,24,255,238,316,24,310,138,293,24,284,109,354,24,322,85,364,24,352,98
"G2000390","2019-2023","KS",,,"Kansas","20","Decatur County","039",,,,,,,,,,,,,,,".",".",,,,,,,,,,,,"0500000US20039",,,"20039","Decatur County, Kansas",1373,44,0,40,4,74,0,48,26,297,0,239,58,183,0,180,3,304,0,236,68,471,0,466,5,"Decatur County, Kansas",58,26,11,24,9,32,11,21,24,70,11,68,29,65,11,64,5,97,11,89,42,91,11,89,7
"G2000410","2019-2023","KS",,,"Kansas","20","Dickinson County","041",,,,,,,,,,,,,,,".",".",,,,,,,,,,,,"0500000US20041",,,"20041","Dickinson County, Kansas",7958,363,0,282,81,388,0,310,78,865,6,650,209,1108,0,945,163,1696,0,1529,167,3538,0,3421,117,"Dickinson County, Kansas",192,107,18,98,49,122,18,109,50,186,10,177,93,225,18,214,99,231,18,222,116,310,18,321,63
"G2000430","2019-2023","KS",,,"Kansas","20","Doniphan County","043",,,,,,,,,,,,,,,".",".",,,,,,,,,,,,"0500000US20043",,,"20043","Doniphan County, Kansas",2670,90,1,57,32,242,4,179,59,346,0,261,85,248,0,192,56,435,5,403,27,1309,8,1236,65,"Doniphan County, Kansas",125,43,2,31,27,81,7,86,31,74,16,63,35,72,16,56,34,87,7,86,14,109,11,110,28
"G2000450","2019-2023","KS",,,"Kansas","20","Douglas County","045",,,,,,,,,,,,,,,".",".",,,,,,,,,,,,"0500000US20045",,,"20045","Douglas County, Kansas",49939,3480,0,2882,598,3442,16,2564,862,5545,33,4745,767,5761,31,5254,476,8455,0,7520,935,23256,0,22669,587,"Douglas County, Kansas",527,523,27,481,225,539,26,445,311,741,35,698,283,696,48,688,154,658,27,713,399,865,27,857,178
"G2000470","2019-2023","KS",,,"Kansas","20","Edwards County","047",,,,,,,,,,,,,,,".",".",,,,,,,,,,,,"0500000US20047",,,"20047","Edwards County, Kansas",1187,69,0,49,20,82,0,36,46,187,0,142,45,216,0,210,6,186,3,174,9,447,0,399,48,"Edwards County, Kansas",63,30,11,28,14,32,11,19,22,46,11,41,24,54,11,53,7,41,4,39,7,52,11,51,24
"G2000490","2019-2023","KS",,,"Kansas","20","Elk County","049",,,,,,,,,,,,,,,".",".",,,,,,,,,,,,"0500000US20049",,,"20049","Elk County, Kansas",1076,95,1,80,14,113,0,80,33,150,3,113,34,134,1,118,15,199,1,185,13,385,0,328,57,"Elk County, Kansas",71,42,3,41,10,33,11,27,19,45,4,38,19,35,2,33,11,44,3,42,11,61,11,55,32
"G2000510","2019-2023","KS",,,"Kansas","20","Ellis County","051",,,,,,,,,,,,,,,".",".",,,,,,,,,,,,"0500000US20051",,,"20051","Ellis County, Kansas",12186,672,0,491,181,1404,0,1176,228,1336,0,1143,193,1509,0,1371,138,2117,0,2059,58,5148,0,5004,144,"Ellis County, Kansas",271,199,21,151,113,283,21,275,83,283,21,266,97,293,21,287,71,307,21,306,40,463,21,435,116
"G2000530","2019-2023","KS",,,"Kansas","20","Ellsworth County","053",,,,,,,,,,,,,,,".",".",,,,,,,,,,,,"0500000US20053",,,"20053","Ellsworth County, Kansas",2329,56,0,34,22,205,0,100,105,233,0,197,36,236,0,189,47,565,0,528,37,1034,0,948,86,"Ellsworth County, Kansas",100,20,16,15,13,55,16,38,49,69,16,64,19,56,16,50,28,111,16,109,22,115,16,105,46
"G2000550","2019-2023","KS",,,"Kansas","20","Finney County","055",,,,,,,,,,,,,,,".",".",,,,,,,,,,,,"0500000US20055",,,"20055","Finney County, Kansas",13198,577,0,466,111,741,0,546,195,1117,0,756,361,1601,0,1373,228,2954,0,2683,271,6208,6,5801,401,"Finney County, Kansas",267,197,24,177,84,197,24,176,109,248,24,198,182,291,24,281,108,379,24,348,117,471,11,459,165
"G2000570","2019-2023","KS",,,"Kansas","20","Ford County","057",,,,,,,,,,,,,,,".",".",,,,,,,,,,,,"0500000US20057",,,"20057","Ford County, Kansas",11768,504,0,418,86,481,47,351,83,1573,0,1138,435,1690,2,1394,294,1966,0,1736,230,5554,0,5228,326,"Ford County, Kansas",209,193,24,172,66,168,71,152,48,289,24,262,170,306,3,279,124,343,24,320,137,369,24,352,154
"G2000590","2019-2023","KS",,,"Kansas","20","Franklin County","059",,,,,,,,,,,,,,,".",".",,,,,,,,,,,,"0500000US20059",,,"20059","Franklin County, Kansas",10289,373,3,268,102,846,2,485,359,1178,3,910,265,1214,0,926,288,1637,1,1387,249,5041,0,4643,398,"Franklin County, Kansas",216,119,4,97,51,204,3,148,136,195,5,166,97,229,21,214,118,238,3,238,120,343,21,335,149
"G2000610","2019-2023","KS",,,"Kansas","20","Geary County","061",,,,,,,,,,,,,,,".",".",,,,,,,,,,,,"0500000US20061",,,"20061","Geary County, Kansas",13787,833,0,769,64,1028,70,722,236,2142,0,1859,283,1899,0,1721,178,2885,0,2815,70,5000,0,4970,30,"Geary County, Kansas",405,255,24,246,47,253,84,200,117,369,24,350,133,303,24,279,102,432,24,423,44,477,24,473,26
"G2000630","2019-2023","KS",,,"Kansas","20","Gove County","063",,,,,,,,,,,,,,,".",".",,,,,,,,,,,,"0500000US20063",,,"20063","Gove County, Kansas",1171,48,0,27,21,68,5,47,16,181,4,129,48,137,0,90,47,232,0,184,48,505,2,451,52,"Gove County, Kansas",81,21,11,14,14,29,6,25,11,43,5,37,26,47,11,35,25,47,11,40,30,64,3,62,29
"G2000650","2019-2023","KS",,,"Kansas","20","Graham County","065",,,,,,,,,,,,,,,".",".",,,,,,,,,,,,"0500000US20065",,,"20065","Graham County, Kansas",1181,30,0,20,10,117,0,103,14,169,0,133,36,219,0,190,29,281,0,229,52,365,0,357,8,"Graham County, Kansas",67,16,11,15,10,44,11,44,11,46,11,40,18,56,11,55,22,74,11,65,25,57,11,57,8
"G2000670","2019-2023","KS",,,"Kansas","20","Grant County","067",,,,,,,,,,,,,,,".",".",,,,,,,,,,,,"0500000US20067",,,"20067","Grant County, Kansas",2377,24,0,10,14,144,0,141,3,113,0,91,22,278,0,266,12,642,0,619,23,1176,0,1114,62,"Grant County, Kansas",177,29,16,15,23,109,16,108,6,73,16,67,24,163,16,159,20,202,16,201,29,198,16,199,70
"G2000690","2019-2023","KS",,,"Kansas","20","Gray County","069",,,,,,,,,,,,,,,".",".",,,,,,,,,,,,"0500000US20069",,,"20069","Gray County, Kansas",2078,31,0,28,3,26,0,15,11,334,0,244,90,290,0,259,31,306,0,245,61,1091,0,1006,85,"Gray County, Kansas",77,29,16,28,4,15,16,9,12,69,16,58,40,71,16,68,23,70,16,63,37,96,16,104,52
"G2000710","2019-2023","KS",,,"Kansas","20","Greeley County","071",,,,,,,,,,,,,,,".",".",,,,,,,,,,,,"0500000US20071",,,"20071","Greeley County, Kansas",524,11,0,9,2,28,0,22,6,46,0,39,7,33,0,26,7,125,0,120,5,281,0,268,13,"Greeley County, Kansas",55,9,11,9,3,19,11,18,6,27,11,26,10,15,11,14,9,35,11,35,6,53,11,53,10
"G2000730","2019-2023","KS",,,"Kansas","20","Greenwood County","073",,,,,,,,,,,,,,,".",".",,,,,,,,,,,,"0500000US20073",,,"20073","Greenwood County, Kansas",2604,121,0,102,19,280,0,151,129,376,2,293,81,395,5,278,112,516,0,484,32,916,0,813,103,"Greenwood County, Kansas",114,44,16,39,17,85,16,60,55,84,4,67,42,89,7,66,61,93,16,91,22,99,16,91,47
"G2000750","2019-2023","KS",,,"Kansas","20","Hamilton County","075",,,,,,,,,,,,,,,".",".",,,,,,,,,,,,"0500000US20075",,,"20075","Hamilton County, Kansas",770,23,0,14,9,60,0,46,14,72,0,51,21,159,0,159,0,132,0,112,20,324,0,309,15,"Hamilton County, Kansas",119,23,11,18,14,38,11,36,14,31,11,26,18,78,11,78,11,58,11,54,21,72,11,72,15
"G2000770","2019-2023","KS",,,"Kansas","20","Harper County","077",,,,,,,,,,,,,,,".",".",,,,,,,,,,,,"0500000US20077",,,"20077","Harper County, Kansas",2205,113,0,77,36,206,0,130,76,350,1,240,109,287,0,222,65,579,0,500,79,670,2,631,37,"Harper County, Kansas",135,38,16,35,15,72,16,50,44,77,2,69,37,55,16,52,34,116,16,111,47,103,4,98,20
"G2000790","2019-2023","KS",,,"Kansas","20","Harvey County","079",,,,,,,,,,,,,,,".",".",,,,,,,,,,,,"0500000US20079",,,"20079","Harvey County, Kansas",13478,430,0,369,61,732,0,437,295,1615,0,1289,326,1640,4,1393,243,2583,2,1923,658,6478,45,5945,488,"Harvey County, Kansas",305,158,24,154,28,242,24,150,172,272,24,249,144,316,7,293,118,337,4,307,255,491,45,446,211
"G2000810","2019-2023","KS",,,"Kansas","20","Haskell County","081",,,,,,,,,,,,,,,".",".",,,,,,,,,,,,"0500000US20081",,,"20081","Haskell County, Kansas",1384,56,0,45,11,63,0,47,16,135,0,96,39,208,0,190,18,302,0,272,30,620,0,584,36,"Haskell County, Kansas",54,41,11,36,18,34,11,32,15,57,11,43,33,82,11,81,17,65,11,59,28,81,11,78,31
"G2000830","2019-2023","KS",,,"Kansas","20","Hodgeman County","083",,,,,,,,,,,,,,,".",".",,,,,,,,,,,,"0500000US20083",,,"20083","Hodgeman County, Kansas",666,10,0,4,6,34,1,21,12,68,0,49,19,107,0,81,26,156,0,97,59,291,0,279,12,"Hodgeman County, Kansas",66,8,11,6,6,17,3,14,12,26,11,24,12,42,11,42,16,50,11,28,41,48,11,49,12
"G2000850","2019-2023","KS",,,"Kansas","20","Jackson County","085",,,,,,,,,,,,,,,".",".",,,,,,,,,,,,"0500000US20085",,,"20085","Jackson County, Kansas",5100,108,0,90,18,294,0,167,127,626,4,500,122,566,0,483,83,1103,4,916,183,2403,27,2277,99,"Jackson County, Kansas",153,66,18,59,14,75,18,59,48,137,7,124,58,129,18,128,46,177,5,148,93,197,36,183,44
"G2000870","2019-2023","KS",,,"Kansas","20","Jefferson County","087",,,,,,,,,,,,,,,".",".",,,,,,,,,,,,"0500000US20087",,,"20087","Jefferson County, Kansas",7390,213,0,176,37,305,1,141,163,912,2,696,214,686,0,493,193,1310,3,1181,126,3964,18,3841,105,"Jefferson County, Kansas",140,92,18,87,30,96,3,58,67,196,3,179,63,136,18,115,100,179,6,158,76,282,22,282,47
"G2000890","2019-2023","KS",,,"Kansas","20","Jewell County","089",,,,,,,,,,,,,,,".",".",,,,,,,,,,,,"0500000US20089",,,"20089","Jewell County, Kansas",1268,25,0,9,16,117,0,78,39,292,0,206,86,170,0,151,19,218,0,170,48,446,0,413,33,"Jewell County, Kansas",80,14,11,8,12,36,11,32,23,66,11,59,46,56,11,51,20,59,11,44,30,67,11,69,19
"G2000910","2019-2023","KS",,,"Kansas","20","Johnson County","091",,,,,,,,,,,,,,,".",".",,,,,,,,,,,,"0500000US20091",,,"20091","Johnson County, Kansas",244777,5897,0,4885,1012,6970,0,5890,1080,16121,29,14041,2051,18346,63,16777,1506,35074,56,33381,1637,162369,97,159341,2931,"Johnson County, Kansas",1080,586,27,528,316,688,27,607,287,998,23,879,421,1149,55,1104,287,1369,47,1351,340,1709,89,1770,444
"G2000930","2019-2023","KS",,,"Kansas","20","Kearny County","093",,,,,,,,,,,,,,,".",".",,,,,,,,,,,,"0500000US20093",,,"20093","Kearny County, Kansas",1365,5,0,4,1,57,0,36,21,80,0,73,7,268,0,230,38,277,0,239,38,678,0,670,8,"Kearny County, Kansas",80,6,11,6,2,37,11,30,21,35,11,33,11,95,11,85,38,81,11,77,46,112,11,111,10
"G2000950","2019-2023","KS",,,"Kansas","20","Kingman County","095",,,,,,,,,,,,,,,".",".",,,,,,,,,,,,"0500000US20095",,,"20095","Kingman County, Kansas",3088,91,0,81,10,259,0,179,80,354,3,233,118,511,3,398,110,722,2,562,158,1151,0,1084,67,"Kingman County, Kansas",129,40,16,40,9,116,16,76,76,88,5,69,54,135,9,115,67,167,3,148,96,145,16,142,35
"G2000970","2019-2023","KS",,,"Kansas","20","Kiowa County","097",,,,,,,,,,,,,,,".",".",,,,,,,,,,,,"0500000US20097",,,"20097","Kiowa County, Kansas",948,16,0,12,4,59,3,37,19,104,0,60,44,94,3,63,28,236,0,220,16,439,0,361,78,"Kiowa County, Kansas",56,10,11,10,5,23,4,22,12,35,11,33,26,28,4,21,16,55,11,54,11,49,11,45,30
"G2000990","2019-2023","KS",,,"Kansas","20","Labette County","099",,,,,,,,,,,,,,,".",".",,,,,,,,,,,,"0500000US20099",,,"20099","Labette County, Kansas",8057,314,3,224,87,961,19,418,524,1316,7,849,460,888,0,750,138,1820,0,1584,236,2758,10,2569,179,"Labette County, Kansas",250,107,4,97,38,164,19,115,126,233,6,189,142,168,18,153,78,257,18,249,107,276,13,263,70
"G2001010","2019-2023","KS",,,"Kansas","20","Lane County","101",,,,,,,,,,,,,,,".",".",,,,,,,,,,,,"0500000US20101",,,"20101","Lane County, Kansas",725,30,0,25,5,82,0,28,54,78,0,51,27,166,0,127,39,71,0,71,0,298,0,295,3,"Lane County, Kansas",76,28,11,28,8,42,11,23,39,33,11,24,26,64,11,61,32,23,11,23,11,61,11,62,4
"G2001030","2019-2023","KS",,,"Kansas","20","Leavenworth County","103",,,,,,,,,,,,,,,".",".",,,,,,,,,,,,"0500000US20103",,,"20103","Leavenworth County, Kansas",29754,1399,0,1146,253,1270,8,921,341,2464,0,1898,566,2892,0,2469,423,4779,0,4236,543,16950,0,16347,603,"Leavenworth County, Kansas",356,309,27,273,116,246,12,240,110,451,27,401,163,371,27,351,129,529,27,473,219,693,27,694,206
"G2001050","2019-2023","KS",,,"Kansas","20","Lincoln County","105",,,,,,,,,,,,,,,".",".",,,,,,,,,,,,"0500000US20105",,,"20105","Lincoln County, Kansas",1221,71,0,35,36,154,0,114,40,129,0,87,42,221,0,180,41,187,0,166,21,459,0,375,84,"Lincoln County, Kansas",78,36,11,21,26,50,11,48,18,36,11,32,22,55,11,48,29,54,11,51,11,80,11,70,53
"G2001070","2019-2023","KS",,,"Kansas","20","Linn County","107",,,,,,,,,,,,,,,".",".",,,,,,,,,,,,"0500000US20107",,,"20107","Linn County, Kansas",4299,164,0,149,15,453,0,326,127,526,0,337,189,468,0,382,86,880,3,690,187,1808,16,1691,101,"Linn County, Kansas",182,64,16,62,13,100,16,88,51,147,16,115,91,127,16,111,43,168,4,145,90,197,24,186,49
"G2001090","2019-2023","KS",,,"Kansas","20","Logan County","109",,,,,,,,,,,,,,,".",".",,,,,,,,,,,,"0500000US20109",,,"20109","Logan County, Kansas",1238,95,0,71,24,39,0,35,4,155,0,118,37,152,4,137,11,221,0,197,24,576,0,558,18,"Logan County, Kansas",57,51,11,39,27,26,11,24,7,51,11,39,30,62,5,59,12,63,11,59,21,80,11,81,19
"G2001110","2019-2023","KS",,,"Kansas","20","Lyon County","111",,,,,,,,,,,,,,,".",".",,,,,,,,,,,,"0500000US20111",,,"20111","Lyon County, Kansas",13322,538,2,506,30,1225,0,782,443,1875,0,1428,447,1947,0,1764,183,2777,0,2595,182,4960,12,4720,228,"Lyon County, Kansas",282,145,3,145,23,225,24,153,182,267,24,240,163,324,24,302,67,380,24,365,68,350,20,358,84
"G2001130","2019-2023","KS",,,"Kansas","20","McPherson County","113",,,,,,,,,,,,,,,".",".",,,,,,,,,,,,"0500000US20113",,,"20113","McPherson County, Kansas",12151,569,1,393,175,542,0,414,128,1365,15,953,397,1357,3,1255,99,2009,24,1715,270,6309,0,6047,262,"McPherson County, Kansas",239,152,5,150,93,182,24,164,58,224,23,210,130,294,4,281,61,276,26,253,107,339,24,355,123
"G2001150","2019-2023","KS",,,"Kansas","20","Marion County","115",,,,,,,,,,,,,,,".",".",,,,,,,,,,,,"0500000US20115",,,"20115","Marion County, Kansas",4692,165,0,109,56,327,0,202,125,651,4,386,261,511,16,439,56,1126,4,988,134,1912,1,1788,123,"Marion County, Kansas",183,47,18,38,26,70,18,54,52,115,7,81,88,93,24,83,25,167,6,147,50,153,3,148,38
"G2001170","2019-2023","KS",,,"Kansas","20","Marshall County","117",,,,,,,,,,,,,,,".",".",,,,,,,,,,,,"0500000US20117",,,"20117","Marshall County, Kansas",4101,134,0,104,30,389,52,190,147,474,0,426,48,526,1,472,53,669,0,518,151,1909,0,1749,160,"Marshall County, Kansas",148,48,18,45,18,91,52,74,58,112,18,112,21,101,3,93,32,119,18,99,77,164,18,185,95
"G2001190","2019-2023","KS",,,"Kansas","20","Meade County","119",,,,,,,,,,,,,,,".",".",,,,,,,,,,,,"0500000US20119",,,"20119","Meade County, Kansas",1496,33,0,6,27,65,0,54,11,222,0,158,64,162,0,110,52,268,0,254,14,746,0,711,35,"Meade County, Kansas",103,28,11,6,27,36,11,29,17,62,11,52,43,56,11,46,26,71,11,69,16,104,11,100,34
"G2001210","2019-2023","KS",,,"Kansas","20","Miami County","121",,,,,,,,,,,,,,,".",".",,,,,,,,,,,,"0500000US20121",,,"20121","Miami County, Kansas",13532,447,0,195,252,647,0,557,90,1465,7,968,490,992,0,849,143,2161,17,1803,341,7820,0,7295,525,"Miami County, Kansas",224,197,24,136,129,268,24,263,50,327,13,274,202,227,24,228,80,319,28,307,166,414,24,425,214
"G2001230","2019-2023","KS",,,"Kansas","20","Mitchell County","123",,,,,,,,,,,,,,,".",".",,,,,,,,,,,,"0500000US20123",,,"20123","Mitchell County, Kansas",2567,109,0,75,34,236,23,145,68,337,2,280,55,438,3,354,81,482,1,359,122,965,0,936,29,"Mitchell County, Kansas",122,64,16,60,24,75,31,61,55,91,3,83,36,142,5,134,65,108,2,94,75,127,16,125,21
"G2001250","2019-2023","KS",,,"Kansas","20","Montgomery County","125",,,,,,,,,,,,,,,".",".",,,,,,,,,,,,"0500000US20125",,,"20125","Montgomery County, Kansas",12871,787,0,656,131,1348,0,751,597,1890,1,1477,412,2054,0,1756,298,2524,0,2174,350,4268,6,4019,243,"Montgomery County, Kansas",320,193,24,183,52,226,24,143,168,308,3,266,127,293,24,293,92,299,24,272,114,369,9,354,91
"G2001270","2019-2023","KS",,,"Kansas","20","Morris County","127",,,,,,,,,,,,,,,".",".",,,,,,,,,,,,"0500000US20127",,,"20127","Morris County, Kansas",2499,129,0,120,9,274,0,153,121,369,0,293,76,331,0,249,82,449,0,400,49,947,0,908,39,"Morris County, Kansas",110,55,16,54,10,97,16,71,62,97,16,95,41,100,16,88,52,105,16,100,33,129,16,130,31
"G2001290","2019-2023","KS",,,"Kansas","20","Morton County","129",,,,,,,,,,,,,,,".",".",,,,,,,,,,,,"0500000US20129",,,"20129","Morton County, Kansas",950,71,0,66,5,70,0,41,29,141,0,131,10,91,0,74,17,170,0,120,50,407,0,370,37,"Morton County, Kansas",91,45,11,45,7,42,11,32,24,66,11,66,12,47,11,44,24,69,11,40,48,74,11,79,33
"G2001310","2019-2023","KS",,,"Kansas","20","Nemaha County","131",,,,,,,,,,,,,,,".",".",,,,,,,,,,,,"0500000US20131",,,"20131","Nemaha County, Kansas",4047,89,0,62,27,230,3,112,115,573,0,475,98,396,0,331,65,650,0,503,147,2109,10,1970,129,"Nemaha County, Kansas",132,45,18,40,20,92,5,55,62,119,18,110,52,88,18,83,30,108,18,108,58,175,11,168,55
"G2001330","2019-2023","KS",,,"Kansas","20","Neosho County","133",,,,,,,,,,,,,,,".",".",,,,,,,,,,,,"0500000US20133",,,"20133","Neosho County, Kansas",6322,375,6,253,116,621,3,370,248,1029,0,820,209,841,0,648,193,1139,0,971,168,2317,0,2128,189,"Neosho County, Kansas",173,105,6,105,59,132,5,101,99,195,18,183,90,185,18,155,82,197,18,163,87,240,18,231,76
"G2001350","2019-2023","KS",,,"Kansas","20","Ness County","135",,,,,,,,,,,,,,,".",".",,,,,,,,,,,,"0500000US20135",,,"20135","Ness County, Kansas",1163,36,0,25,11,78,0,63,15,124,3,93,28,135,0,123,12,252,5,229,18,538,0,502,36,"Ness County, Kansas",68,25,11,23,9,31,11,28,9,33,4,31,13,44,11,43,10,57,11,53,9,71,11,67,35
"G2001370","2019-2023","KS",,,"Kansas","20","Norton County","137",,,,,,,,,,,,,,,".",".",,,,,,,,,,,,"0500000US20137",,,"20137","Norton County, Kansas",1917,61,1,56,4,235,0,217,18,345,0,317,28,307,0,288,19,379,0,329,50,590,0,568,22,"Norton County, Kansas",183,45,3,43,6,95,16,95,25,136,16,136,29,109,16,106,19,114,16,111,53,155,16,153,25
"G2001390","2019-2023","KS",,,"Kansas","20","Osage County","139",,,,,,,,,,,,,,,".",".",,,,,,,,,,,,"0500000US20139",,,"20139","Osage County, Kansas",6362,209,0,157,52,439,3,260,176,806,0,616,190,694,14,508,172,1206,3,1028,175,3008,0,2733,275,"Osage County, Kansas",158,63,18,57,30,91,5,59,72,151,18,144,76,96,13,90,59,150,4,134,77,186,18,169,95
"G2001410","2019-2023","KS",,,"Kansas","20","Osborne County","141",,,,,,,,,,,,,,,".",".",,,,,,,,,,,,"0500000US20141",,,"20141","Osborne County, Kansas",1609,58,0,42,16,163,0,118,45,232,4,182,46,262,2,179,81,203,3,178,22,691,0,644,47,"Osborne County, Kansas",92,23,11,20,12,56,11,48,24,51,5,51,25,54,3,38,45,49,5,46,18,90,11,79,33
"G2001430","2019-2023","KS",,,"Kansas","20","Ottawa County","143",,,,,,,,,,,,,,,".",".",,,,,,,,,,,,"0500000US20143",,,"20143","Ottawa County, Kansas",2377,121,0,65,56,178,0,135,43,221,2,183,36,206,0,181,25,426,9,382,35,1225,6,1116,103,"Ottawa County, Kansas",81,58,16,41,41,57,16,52,23,58,3,53,19,55,16,57,16,98,10,99,18,134,9,125,42
"G2001450","2019-2023","KS",,,"Kansas","20","Pawnee County","145",,,,,,,,,,,,,,,".",".",,,,,,,,,,,,"0500000US20145",,,"20145","Pawnee County, Kansas",2415,65,0,58,7,190,0,107,83,408,0,350,58,325,0,300,25,404,0,377,27,1023,0,962,61,"Pawnee County, Kansas",142,48,16,44,9,79,16,53,56,136,16,127,39,98,16,96,20,100,16,101,24,163,16,162,50
"G2001470","2019-2023","KS",,,"Kansas","20","Phillips County","147",,,,,,,,,,,,,,,".",".",,,,,,,,,,,,"0500000US20147",,,"20147","Phillips County, Kansas",2182,100,0,53,47,192,1,118,73,344,0,280,64,278,0,220,58,426,0,376,50,842,2,820,20,"Phillips County, Kansas",90,38,11,26,27,56,2,43,43,83,11,74,44,72,11,62,34,76,11,75,30,82,3,81,15
"G2001490","2019-2023","KS",,,"Kansas","20","Pottawatomie County","149",,,,,,,,,,,,,,,".",".",,,,,,,,,,,,"0500000US20149",,,"20149","Pottawatomie County, Kansas",9084,225,0,157,68,495,0,424,71,913,1,737,175,616,4,557,55,1588,2,1450,136,5247,3,4951,293,"Pottawatomie County, Kansas",297,82,21,80,35,141,21,143,40,194,2,169,86,147,9,143,36,268,3,257,77,300,4,285,123
"G2001510","2019-2023","KS",,,"Kansas","20","Pratt County","151",,,,,,,,,,,,,,,".",".",,,,,,,,,,,,"0500000US20151",,,"20151","Pratt County, Kansas",3521,132,0,114,18,246,0,181,65,520,1,284,235,396,0,320,76,803,0,714,89,1424,0,1351,73,"Pratt County, Kansas",182,67,16,65,13,82,16,70,35,130,3,83,95,102,16,89,52,174,16,167,61,181,16,179,54
"G2001530","2019-2023","KS",,,"Kansas","20","Rawlins County","153",,,,,,,,,,,,,,,".",".",,,,,,,,,,,,"0500000US20153",,,"20153","Rawlins County, Kansas",1166,44,4,31,9,131,0,106,25,136,2,109,25,166,1,99,66,221,0,221,0,468,1,417,50,"Rawlins County, Kansas",61,23,6,18,13,44,11,39,17,36,4,36,21,52,2,35,49,54,11,54,11,79,3,77,30
"G2001550","2019-2023","KS",,,"Kansas","20","Reno County","155",,,,,,,,,,,,,,,".",".",,,,,,,,,,,,"0500000US20155",,,"20155","Reno County, Kansas",25344,1129,0,770,359,2126,18,1410,698,3800,0,2612,1188,3269,2,2668,599,5108,9,4278,821,9912,10,9189,713,"Reno County, Kansas",371,206,27,169,132,299,21,239,196,472,27,368,309,414,3,334,221,437,12,431,235,530,12,518,178
"G2001570","2019-2023","KS",,,"Kansas","20","Republic County","157",,,,,,,,,,,,,,,".",".",,,,,,,,,,,,"0500000US20157",,,"20157","Republic County, Kansas",1994,94,0,64,30,169,4,83,82,407,2,222,183,247,0,179,68,405,0,325,80,672,10,607,55,"Republic County, Kansas",115,48,11,43,18,50,6,44,31,82,3,51,68,60,11,47,31,76,11,67,45,83,9,79,40
"G2001590","2019-2023","KS",,,"Kansas","20","Rice County","159",,,,,,,,,,,,,,,".",".",,,,,,,,,,,,"0500000US20159",,,"20159","Rice County, Kansas",3694,183,0,70,113,258,0,186,72,389,0,271,118,630,2,499,129,787,2,736,49,1447,4,1394,49,"Rice County, Kansas",147,76,16,42,68,66,16,58,38,97,16,77,66,160,3,150,69,137,3,140,29,190,6,186,24
"G2001610","2019-2023","KS",,,"Kansas","20","Riley County","161",,,,,,,,,,,,,,,".",".",,,,,,,,,,,,"0500000US20161",,,"20161","Riley County, Kansas",27137,2254,10,1858,386,2390,0,1819,571,3597,0,3164,433,3209,0,2925,284,5219,0,4774,445,10468,0,10114,354,"Riley County, Kansas",562,381,19,384,168,367,27,353,172,483,27,441,171,447,27,421,140,593,27,578,219,579,27,546,120
"G2001630","2019-2023","KS",,,"Kansas","20","Rooks County","163",,,,,,,,,,,,,,,".",".",,,,,,,,,,,,"0500000US20163",,,"20163","Rooks County, Kansas",2142,80,0,64,16,132,0,70,62,204,0,149,55,296,0,275,21,492,0,370,122,938,8,865,65,"Rooks County, Kansas",89,33,11,30,15,42,11,33,26,54,11,47,28,66,11,65,16,94,11,81,54,95,12,93,41
"G2001650","2019-2023","KS",,,"Kansas","20","Rush County","165",,,,,,,,,,,,,,,".",".",,,,,,,,,,,,"0500000US20165",,,"20165","Rush County, Kansas",1382,52,0,33,19,155,0,124,31,196,0,144,52,145,0,140,5,362,0,347,15,472,0,462,10,"Rush County, Kansas",90,25,11,20,15,51,11,47,20,62,11,61,26,38,11,37,5,79,11,82,12,65,11,65,7
"G2001670","2019-2023","KS",,,"Kansas","20","Russell County","167",,,,,,,,,,,,,,,".",".",,,,,,,,,,,,"0500000US20167",,,"20167","Russell County, Kansas",3099,184,0,132,52,347,0,183,164,424,5,329,90,370,5,338,27,780,0,743,37,994,1,958,35,"Russell County, Kansas",165,93,16,79,48,123,16,87,95,127,10,124,50,114,8,109,22,186,16,183,32,146,4,144,44
"G2001690","2019-2023","KS",,,"Kansas","20","Saline County","169",,,,,,,,,,,,,,,".",".",,,,,,,,,,,,"0500000US20169",,,"20169","Saline County, Kansas",22299,1068,0,678,390,2132,9,1478,645,2702,1,2142,559,2752,34,2291,427,4455,21,4005,429,9190,0,8824,366,"Saline County, Kansas",385,267,27,214,169,422,14,344,246,358,2,326,182,417,44,367,151,469,35,463,186,682,27,652,132
"G2001710","2019-2023","KS",,,"Kansas","20","Scott County","171",,,,,,,,,,,,,,,".",".",,,,,,,,,,,,"0500000US20171",,,"20171","Scott County, Kansas",2190,24,0,0,24,127,0,84,43,274,0,139,135,446,0,257,189,323,0,323,0,996,0,989,7,"Scott County, Kansas",105,44,16,16,44,84,16,64,46,147,16,102,111,152,16,118,110,133,16,133,16,159,16,158,13
"G2001730","2019-2023","KS",,,"Kansas","20","Sedgwick County","173",,,,,,,,,,,,,,,".",".",,,,,,,,,,,,"0500000US20173",,,"20173","Sedgwick County, Kansas",205024,9904,9,7664,2231,14415,26,10316,4073,25690,35,21125,4530,25301,202,22642,2457,37415,20,34952,2443,92299,15,89183,3101,"Sedgwick County, Kansas",1287,893,12,791,507,1056,20,908,580,1649,27,1528,797,1299,233,1201,424,1191,29,1223,370,1646,19,1684,404
"G2001750","2019-2023","KS",,,"Kansas","20","Seward County","175",,,,,,,,,,,,,,,".",".",,,,,,,,,,,,"0500000US20175",,,"20175","Seward County, Kansas",7208,216,0,181,35,609,0,385,224,1040,0,830,210,1067,0,971,96,1355,3,1222,130,2921,0,2681,240,"Seward County, Kansas",244,126,21,126,41,214,21,185,131,291,21,257,145,258,21,239,103,293,5,298,71,341,21,309,127
"G2001770","2019-2023","KS",,,"Kansas","20","Shawnee County","177",,,,,,,,,,,,,,,".",".",,,,,,,,,,,,"0500000US20177",,,"20177","Shawnee County, Kansas",74528,4361,0,3045,1316,4771,0,2981,1790,8760,15,6449,2296,9572,30,8414,1128,13907,10,12342,1555,33157,49,30889,2219,"Shawnee County, Kansas",654,571,27,472,282,478,27,415,332,795,23,736,411,738,30,745,251,901,16,865,321,953,47,998,417
"G2001790","2019-2023","KS",,,"Kansas","20","Sheridan County","179",,,,,,,,,,,,,,,".",".",,,,,,,,,,,,"0500000US20179",,,"20179","Sheridan County, Kansas",1022,34,0,29,5,78,0,73,5,148,0,123,25,100,0,99,1,176,2,156,18,486,8,454,24,"Sheridan County, Kansas",44,20,11,19,7,36,11,35,6,43,11,42,18,40,11,40,2,49,3,44,19,59,11,58,18
"G2001810","2019-2023","KS",,,"Kansas","20","Sherman County","181",,,,,,,,,,,,,,,".",".",,,,,,,,,,,,"0500000US20181",,,"20181","Sherman County, Kansas",2358,130,0,96,34,170,0,106,64,248,0,215,33,420,0,389,31,441,0,426,15,949,0,933,16,"Sherman County, Kansas",172,75,16,64,42,86,16,64,53,102,16,100,35,134,16,132,37,130,16,127,20,157,16,157,20
"G2001830","2019-2023","KS",,,"Kansas","20","Smith County","183",,,,,,,,,,,,,,,".",".",,,,,,,,,,,,"0500000US20183",,,"20183","Smith County, Kansas",1578,56,0,37,19,134,0,98,36,257,6,167,84,240,0,197,43,288,0,251,37,603,6,580,17,"Smith County, Kansas",80,21,11,18,11,41,11,36,27,53,6,49,38,68,11,60,24,51,11,45,31,61,8,61,15
"G2001850","2019-2023","KS",,,"Kansas","20","Stafford County","185",,,,,,,,,,,,,,,".",".",,,,,,,,,,,,"0500000US20185",,,"20185","Stafford County, Kansas",1598,22,3,19,0,131,1,79,51,232,0,182,50,171,10,126,35,339,0,283,56,703,0,678,25,"Stafford County, Kansas",82,12,4,12,11,47,2,38,31,48,11,48,18,47,13,41,21,74,11,63,37,75,11,73,14
"G2001870","2019-2023","KS",,,"Kansas","20","Stanton County","187",,,,,,,,,,,,,,,".",".",,,,,,,,,,,,"0500000US20187",,,"20187","Stanton County, Kansas",822,41,0,41,0,19,0,0,19,91,0,91,0,129,0,43,86,229,0,219,10,313,0,307,6,"Stanton County, Kansas",106,54,11,54,11,26,11,11,26,67,11,67,11,89,11,27,84,101,11,98,13,93,11,93,8
"G2001890","2019-2023","KS",,,"Kansas","20","Stevens County","189",,,,,,,,,,,,,,,".",".",,,,,,,,,,,,"0500000US20189",,,"20189","Stevens County, Kansas",1789,76,0,69,7,54,0,32,22,186,0,132,54,303,0,280,23,460,0,423,37,710,0,676,34,"Stevens County, Kansas",131,53,16,51,11,33,16,24,24,76,16,76,41,90,16,90,22,138,16,136,42,162,16,162,29
"G2001910","2019-2023","KS",,,"Kansas","20","Sumner County","191",,,,,,,,,,,,,,,".",".",,,,,,,,,,,,"0500000US20191",,,"20191","Sumner County, Kansas",8974,436,0,300,136,748,0,444,304,963,4,557,402,1379,2,1247,130,1813,1,1607,205,3635,0,3435,200,"Sumner County, Kansas",225,134,21,107,69,191,21,146,129,148,4,117,108,221,3,218,59,193,3,186,73,298,21,298,59
"G2001930","2019-2023","KS",,,"Kansas","20","Thomas County","193",,,,,,,,,,,,,,,".",".",,,,,,,,,,,,"0500000US20193",,,"20193","Thomas County, Kansas",3101,171,0,129,42,121,0,102,19,440,3,388,49,232,0,196,36,619,0,594,25,1518,8,1358,152,"Thomas County, Kansas",166,122,16,117,39,78,16,77,20,143,6,145,45,107,16,94,42,150,16,157,32,192,13,191,83
"G2001950","2019-2023","KS",,,"Kansas","20","Trego County","195",,,,,,,,,,,,,,,".",".",,,,,,,,,,,,"0500000US20195",,,"20195","Trego County, Kansas",1346,52,0,32,20,84,0,63,21,119,0,105,14,253,0,196,57,178,0,160,18,660,0,642,18,"Trego County, Kansas",82,30,11,22,20,48,11,46,19,46,11,43,17,84,11,72,37,55,11,52,22,105,11,103,28
"G2001970","2019-2023","KS",,,"Kansas","20","Wabaunsee County","197",,,,,,,,,,,,,,,".",".",,,,,,,,,,,,"0500000US20197",,,"20197","Wabaunsee County, Kansas",2616,92,0,56,36,106,0,79,27,202,1,110,91,379,5,311,63,597,0,456,141,1240,0,1181,59,"Wabaunsee County, Kansas",108,32,16,23,21,31,16,29,14,48,2,33,36,81,7,75,34,141,16,94,104,155,16,151,33
"G2001990","2019-2023","KS",,,"Kansas","20","Wallace County","199",,,,,,,,,,,,,,,".",".",,,,,,,,,,,,"0500000US20199",,,"20199","Wallace County, Kansas",660,33,0,31,2,33,0,22,11,104,0,79,25,99,0,87,12,139,0,116,23,252,5,236,11,"Wallace County, Kansas",57,31,11,31,4,20,11,17,10,39,11,36,19,39,11,39,12,44,11,42,16,50,6,49,9
"G2002010","2019-2023","KS",,,"Kansas","20","Washington County","201",,,,,,,,,,,,,,,".",".",,,,,,,,,,,,"0500000US20201",,,"20201","Washington County, Kansas",2371,92,0,67,25,160,2,80,78,384,10,211,163,296,0,195,101,490,6,403,81,949,3,840,106,"Washington County, Kansas",84,34,16,31,19,42,3,28,28,66,13,44,51,58,16,42,46,77,9,67,40,98,4,91,36
"G2002030","2019-2023","KS",,,"Kansas","20","Wichita County","203",,,,,,,,,,,,,,,".",".",,,,,,,,,,,,"0500000US20203",,,"20203","Wichita County, Kansas",878,9,0,9,0,129,0,109,20,86,0,83,3,96,0,77,19,150,0,136,14,408,0,408,0,"Wichita County, Kansas",89,9,11,9,11,68,11,65,22,55,11,55,5,48,11,45,17,44,11,43,15,87,11,87,11
"G2002050","2019-2023","KS",,,"Kansas","20","Wilson County","205",,,,,,,,,,,,,,,".",".",,,,,,,,,,,,"0500000US20205",,,"20205","Wilson County, Kansas",3515,143,0,84,59,367,0,222,145,520,0,329,191,577,2,445,130,547,0,440,107,1361,0,1267,94,"Wilson County, Kansas",151,53,16,40,33,94,16,74,55,104,16,90,64,113,3,84,57,93,16,81,50,140,16,132,66
"G2002070","2019-2023","KS",,,"Kansas","20","Woodson County","207",,,,,,,,,,,,,,,".",".",,,,,,,,,,,,"0500000US20207",,,"20207","Woodson County, Kansas",1226,62,0,28,34,105,0,67,38,183,3,159,21,280,0,238,42,180,1,154,25,416,0,365,51,"Woodson County, Kansas",90,28,11,18,23,40,11,27,23,59,4,56,17,53,11,54,24,56,2,51,23,56,11,55,28
"G2002090","2019-2023","KS",,,"Kansas","20","Wyandotte County","209",,,,,,,,,,,,,,,".",".",,,,,,,,,,,,"0500000US20209",,,"20209","Wyandotte County, Kansas",61241,3726,0,2592,1134,5413,0,3577,1836,8290,2,6646,1642,7892,8,6967,917,11622,12,10222,1388,24298,15,23067,1216,"Wyandotte County, Kansas",656,425,27,411,229,668,27,523,399,801,4,711,325,624,13,600,178,869,20,769,311,855,24,845,242
