school_name,degree_name,dept_name,course_code,course_name,description,level,modality,course_url
Allen County Community College,DNE,DNE,DNE,DNE,DNE,DNE,DNE,DNE
Baker University,DNE,DNE,DNE,DNE,DNE,DNE,DNE,DNE
Barclay College,DNE,DNE,DNE,DNE,DNE,DNE,DNE,DNE
Barton County Community College,DNE,DNE,DNE,DNE,DNE,DNE,DNE,DNE
Bellus Academy,DNE,DNE,DNE,DNE,DNE,DNE,DNE,DNE
Benedictine College,Bachelor in Computer Science,Computer Science,CSCI-3800,Artificial Intelligence,"Modeling and implementing intelligent behavior using computers, including search algorithms, reasoning, heuristics, game trees, knowledge representation, and machine learning.",Undergraduate,In-person,https://coursecatalog.benedictine.edu/course-descriptions/csci/
Bethany College,DNE,DNE,DNE,DNE,DNE,DNE,DNE,DNE
Bethel College-North Newton,DNE,DNE,DNE,DNE,DNE,DNE,DNE,DNE
Butler Community College,Associate of Applied Science in Software Development - AI Emphasis Track,Career & Technical Education,SD 203,Data Science,"This course will enable the student to gain a comprehensive understanding of data science, a multidisciplinary field that combines statistical analysis, machine learning, and domain expertise to extract meaningful insights from data. The student will engage in hands-on activities, projects, and theoretical discussions to gain proficiency in data manipulation, analysis, and interpretation.",Undergraduate,In-person,https://documents.butlercc.edu/outline/STEM/SD_Software%20Development/022323%20New%20Div%20Title%20FA23/SD203NFoutline202480.pdf
Butler Community College,Associate of Applied Science in Software Development - AI Emphasis Track,Career & Technical Education,SD 201,Python Programming with Data Science,This course will enable the student to use structured programming techniques to develop applications using the Python application development language. The student will use data science principles to analyze data.,Undergraduate,In-person,https://documents.butlercc.edu/outline/STEM/SD_Software%20Development/022323%20New%20Div%20Title%20FA23/SD201NFoutline202380.pdf
Butler Community College,Associate of Applied Science in Software Development - AI Emphasis Track,Career & Technical Education,SD 202,Python with Machine Learning,This course will enable the student to learn Python programming concepts. The student will use machine learning.,Undergraduate,In-person,https://documents.butlercc.edu/outline/STEM/SD_Software%20Development/022323%20New%20Div%20Title%20FA23/SD202NFoutline202580.pdf
Butler Community College,Associate of Applied Science in Software Development - AI Emphasis Track,Career & Technical Education,SD 204,Ethics in Artificial Intelligence (AI),"This course will enable the student to explore the ethical implications of AI and machine learning (ML) technologies. The student will examine the ethical challenges and considerations arising from the design, deployment, and impact of AI systems. The student will engage with a range of topics, including bias and fairness, accountability, transparency, privacy, and the societal impact of AI.",Undergraduate,In-person,https://documents.butlercc.edu/outline/STEM/SD_Software%20Development/022323%20New%20Div%20Title%20FA23/SD204NFoutline202480.pdf
Butler Community College,Associate of Applied Science in Software Development - AI Emphasis Track,Career & Technical Education,SD 205,Computer Vision,"This course will enable the student to explore the principles, algorithms, and applications that enable machines to interpret visual information. The student will gain hands-on experience in image processing, pattern recognition, and machine learning techniques as applied to visual data. The student will explore foundational concepts, advanced algorithms, and practical applications in computer vision.",Undergraduate,In-person,https://documents.butlercc.edu/outline/STEM/SD_Software%20Development/022323%20New%20Div%20Title%20FA23/SD205NFoutline202480.pdf
Butler Community College,Associate of Applied Science in Software Development - AI Emphasis Track,Career & Technical Education,SD 206,Introduction to Reinforcement Learning,"This course will enable the student to explore Reinforcement Learning (RL), a paradigm in machine learning where agents learn to make decisions through interaction with an environment. The student will delve into fundamental RL concepts, algorithms, and applications, gaining hands-on experience in implementing and experimenting with RL systems.",Undergraduate,In-person,https://documents.butlercc.edu/outline/STEM/SD_Software%20Development/022323%20New%20Div%20Title%20FA23/SD206NFoutline202480.pdf
Butler Community College,Associate of Applied Science in Software Development - AI Emphasis Track,Career & Technical Education,SD 209,Artificial Intelligence in Healthcare,"This course will enable the student to explore the intersection of artificial intelligence (AI) and healthcare, examining how advanced technologies can be leveraged to enhance medical processes, diagnosis, and patient care. The student will gain insights into the ethical considerations, challenges, and potential breakthroughs in implementing AI in healthcare settings.",Undergraduate,In-person,https://documents.butlercc.edu/outline/STEM/SD_Software%20Development/022323%20New%20Div%20Title%20FA23/SD209NFoutline202480.pdf
Butler Community College,Associate of Applied Science in Software Development - AI Emphasis Track,Career & Technical Education,SD 210,AI Automated Logical Reasoning,"This course will enable the student to delve into the realm of automated logical reasoning using artificial intelligence (AI). The student will explore the principles and techniques behind automated reasoning systems, emphasizing the development of logical models, rule-based systems, and knowledge representation. The student will be equipped with the skills needed to design and implement AI systems capable of logical inference and problem-solving.",Undergraduate,In-person,https://documents.butlercc.edu/outline/STEM/SD_Software%20Development/022323%20New%20Div%20Title%20FA23/SD210NFoutline202480.pdf
Butler Community College,Associate of Applied Science in Software Development - AI Emphasis Track,Career & Technical Education,SD 282,Artificial Intelligence Programming,"This course will enable the student to develop programs to incorporate techniques to read, write, and manipulate data. The student will learn to visualize data with a focus on reporting, charting, and analyzing the results. The student will use predictive analytics techniques such as machine learning and data mining to predict probable outcomes.",Undergraduate,In-person,https://documents.butlercc.edu/outline/STEM/SD_Software%20Development/022323%20New%20Div%20Title%20FA23/SD282NFoutline202280.pdf
Central Christian College of Kansas,Bachelor of Science in Business (Management) - Data Science/AI Concentration,Business,DSM I,Data Science I,"Introduction to data science using Python, SQL, visualization, and predictive modeling.",Undergraduate,Both,https://www.centralchristian.edu/datascience/
Central Christian College of Kansas,Bachelor of Science in Business (Management) - Data Science/AI Concentration,Business,DSM II,Data Science II,"In-depth coverage of machine learning, NLP, and time series in Python.",Undergraduate,Both,https://www.centralchristian.edu/datascience/
Central Christian College of Kansas,Bachelor of Science in Business (Management) - Data Science/AI Concentration,Business,DSM III,AI and Machine Learning,"Technical AI methods including model production, LLM adaptation, and business AI use cases.",Undergraduate,Both,https://www.centralchristian.edu/datascience/
Central Christian College of Kansas,Bachelor of Science in Business (Management) - Data Science/AI Concentration,Business,DSM IV,Data Science Practicum,"Capstone project covering end-to-end analytics workflow, job prep, and stakeholder communication.",Undergraduate,Both,https://www.centralchristian.edu/datascience/
Cleveland University-Kansas City,DNE,DNE,DNE,DNE,DNE,DNE,DNE,DNE
Cloud County Community College,DNE,DNE,DNE,DNE,DNE,DNE,DNE,DNE
Coffeyville Community College,DNE,DNE,DNE,DNE,DNE,DNE,DNE,DNE
Colby Community College,DNE,DNE,DNE,DNE,DNE,DNE,DNE,DNE
Cowley County Community College,DNE,DNE,DNE,Data Analytics Course,"This comprehensive training course covers Excel, Python, SQL, Tableau, and machine learning. It is designed for beginners or professionals looking to expand their skills for roles in data and business analytics. The curriculum walks you through the process of organizing data, as well as foundational statistics, database querying, automation, and predictive modeling.",Undergraduate,Online,https://careertraining.cowley.edu/training-programs/data-analytics-course/
Cowley County Community College,DNE,DNE,DNE,Python for Machine Learning & Data Science Course,"This comprehensive certificate combines Python, data science, and machine learning into one course. You begin with Python fundamentals and gradually build toward advanced skills like predictive modeling and neural networks. Through hands-on projects using tools like Pandas, NumPy, Matplotlib, and TensorFlow, you will gain valuable experience you can use in roles related to data analysis, machine learning, or Python development.",Undergraduate,Online,https://careertraining.cowley.edu/training-programs/python-for-machine-learning-and-data-science-course/?Category=computer-science-data-science
Crave Beauty Academy,DNE,DNE,DNE,DNE,DNE,DNE,DNE,DNE
Dodge City Community College,DNE,DNE,DNE,Introduction to Artificial Intelligence,Gain a foundational knowledge of the science behind creating computer systems that can perform tasks typically requiring human intelligence in this introductory artificial intelligence (AI) course.,Undergraduate,Online,https://www.ed2go.com/dccc/online-courses/introduction-to-artificial-intelligence/
Dodge City Community College,DNE,DNE,DNE,Artificial Intelligence and Machine Learning Suite,"This course bundle will provide you with a foundation of practical knowledge on artificial intelligence (AI) and machine learning. You will begin with the science behind AI computer systems, which can perform tasks that typically require human intelligence, and AI ethics, applications, and more. Then you will move on to a more thorough look at machine learning, the problem it is trying to solve, and specific techniques and applications used in supervised, unsupervised, and semi-supervised learning.",Undergraduate,Online,https://www.ed2go.com/dccc/online-courses/artificial-intelligence-machine-learning-suite/
Dodge City Community College,DNE,DNE,DNE,Python for AI: Create AI Apps with Flask & OpenAI,"This intermediate-level Python course is designed to help you build AI-powered web applications using Flask and OpenAI. Curriculum covers topics such as setting up Flask projects and integrating AIs to help with key tasks, including building and styling web forms and integrating AI for tasks like sentiment analysis. This Python for AI course is ideal for those pursuing careers in AI development, Python engineering, or web application design.",Undergraduate,Online,https://careertraining.ed2go.com/dccc/training-programs/python-for-ai-course-create-ai-apps-with-flask-and-open-ai/
Dodge City Community College,DNE,DNE,DNE,AI for Students: Ensuring Appropriate & Effective Use,"In partnership with Model Teaching, an industry leader in supporting educators, this course covers the uses of AI for education advancement. You will learn about popular AI tools that can be used to support your students in the classroom. Model Teaching's Mission is to improve student performance by directly supporting teachers with quality content and resources. During this teacher professional development course, you will understand what AI is, how it is rapidly advancing, and learn about various student-focused AI tools that can be used in the classroom. You will consider ways in which to incorporate these AI tools into your specific content area and learn about how it can support students in content knowledge, writing skills, creativity, and assessments. You will also explore the limitations of AI and how to ensure that students are utilizing technology in appropriate ways. The course will come with a planning document to help you organize what you learned and an AI tool guide that will discuss the features of nine popular AI tools you can use in your classroom now.",Undergraduate,Online,https://www.ed2go.com/dccc/online-courses/ai-for-students-ensuring-appropriate-and-effective-use/
Dodge City Community College,DNE,DNE,DNE,AI for Teachers: Increase Productivity & Improve Instruction,"In partnership with Model Teaching, an industry leader in supporting educators, this teacher professional development course will provide you with an understanding of how artificial intelligence (AI) can be utilized to help improve your instruction and streamline your planning. Model Teaching's Mission is to Improve student performance by directly supporting teachers with quality content and resources. Learn about the benefits of using AI for education with this training, which covers six currently available AI tools that can be utilized for lesson planning, assessment, differentiation, and communication with students and parents.",Undergraduate,Online,https://www.ed2go.com/dccc/online-courses/ai-for-teachers-increase-productivity-and-improve-instruction/
Donnelly College,DNE,DNE,DNE,DNE,DNE,DNE,DNE,DNE
Emporia State University,Bachelor of Science in Computer Science - Data Science Concentration,School of Business & Technology - Computer Science,CS 523,Artificial Intelligence,"Principles and applications for intelligent systems: agents, search, planning, ethics, NLP, and computer vision.",Undergraduate,Both,https://www.emporia.edu/documents/3545/2024_2025_ESU_catalog_secured_updated__5.23.pdf
Emporia State University,Bachelor of Science in Business Information Systems & Analytics - Business Data Analytics Concentration,School of Business & Technology - Information Systems,IS 522,Artificial Intelligence,"Principles and application of intelligent systems including search, planning, ethics, NLP, and computer vision; practical AI techniques.",Undergraduate,Both,https://www.emporia.edu/documents/3545/2024_2025_ESU_catalog_secured_updated__5.23.pdf
Eric Fisher Academy,DNE,DNE,DNE,DNE,DNE,DNE,DNE,DNE
Flint Hills Technical College,DNE,DNE,DNE,DNE,DNE,DNE,DNE,DNE
Fort Hays State University,Computer Science Certificate: Artificial Intelligence,Computer Science,CSCI 673,Problems (Artificial Intelligence/Machine Learning),Miscellaneous problems from or an investigation of some phase of undergraduate computer science possibly not treated in a regular course.,Undergraduate,DNE,https://catalog.fhsu.edu/science-technology-mathematics/computer-science/artificial-intelligence-certificate/
Fort Hays State University,Computer Science Certificate: Artificial Intelligence Graduate,Computer Science,CSCI 673G,Problems (Artificial Intelligence/Machine Learning),Miscellaneous problems from or an investigation of some phase of undergraduate computer science possibly not treated in a regular course.,Graduate,DNE,https://catalog.fhsu.edu/science-technology-mathematics/computer-science/artificial-intelligence-graduate-certificate/
Fort Scott Community College,DNE,DNE,DNE,DNE,DNE,DNE,DNE,DNE
Friends University,DNE,DNE,DNE,DNE,DNE,DNE,DNE,DNE
Galen Health Institutes-Wichita,DNE,DNE,DNE,DNE,DNE,DNE,DNE,DNE
Garden City Community College,DNE,DNE,DNE,DNE,DNE,DNE,DNE,DNE
Haskell Indian Nations University,DNE,DNE,DNE,DNE,DNE,DNE,DNE,DNE
Hays Academy of Hair Design,DNE,DNE,DNE,DNE,DNE,DNE,DNE,DNE
Hays Academy of Hair Design - Salina Campus,DNE,DNE,DNE,DNE,DNE,DNE,DNE,DNE
Heartland Welding Academy,DNE,DNE,DNE,DNE,DNE,DNE,DNE,DNE
Hesston College,DNE,DNE,DNE,DNE,DNE,DNE,DNE,DNE
Highland Community College,DNE,DNE,DNE,DNE,DNE,DNE,DNE,DNE
Hutchinson Community College,DNE,DNE,DNE,DNE,DNE,DNE,DNE,DNE
Independence Community College,DNE,DNE,DNE,DNE,DNE,DNE,DNE,DNE
Johnson County Community College,DNE,Continuing Education,CE-AI-005,Generative AI Cybersecurity Awareness Training,"Helps professionals identify, prevent, and respond to AI-driven threats before they cause financial and reputational damage. With one in three organizations falling victim to cyberattacks annually, AI security is no longer optional—it's a business necessity. Covering AI governance, compliance, and risk management, this interactive course equips professionals with proactive security strategies to create business-building safety content and mitigate cyber threats.",Professional,In-person,https://continuinged.jccc.edu/courses/detail/47133
Johnson County Community College,DNE,Continuing Education,CE-AI-006,Activate AI for Event Planning Excellence,"You will dive deep into leveraging artificial intelligence to streamline and elevate your event planning process. Spark creative ideas and craft detailed timelines to begin your planning process, then move on to design eye-catching flyers and curate compelling social media content with ease. Schedule your content and launch your event!",Professional,In-person,https://continuinged.jccc.edu/courses/detail/47124
Johnson County Community College,DNE,Continuing Education,CE-AI-007,AI Enhanced Social Media Strategies,"Focus on the use of AI tools to streamline and elevate your social media presence. Learn how to effortlessly generate captivating text and graphic content, create branded posts in bulk, and strategically plan a content schedule to maximize engagement across platforms. Whether you're a social media manager, marketer, or entrepreneur, discover how AI can transform your approach to social media.",Professional,In-person,https://continuinged.jccc.edu/courses/detail/47127
Johnson County Community College,DNE,Data Science,DS 210,Introduction to Data Science,"Students receive an introduction to the main tools and ideas in the data scientist's toolbox. The course gives an overview of the data, questions, techniques and tools that data analysts and data scientists work with. This course provides a conceptual introduction to the ideas behind turning data into actionable knowledge and tools that will be used to analyze this data. The course will cover collecting, cleaning and sharing data. Additionally, this course will cover how to communicate results through visualizations.",Undergraduate,Both,https://catalog.jccc.edu/degreecertificates/datascience//data-analytics-certificate/#degreemaptext
Johnson County Community College,DNE,Continuing Education,CE-AI-001,Getting Started with AI,"Keep up with the latest and greatest Artificial Intelligence tools to generate fresh ideas. You will learn to use AI to improve your writing, presentations, event descriptions, blog content, social media, images, email design, reports, and audio video clips. You will leave this class with new applications and software in your tool kit.",Professional,Online,https://continuinged.jccc.edu/courses/detail/47109
Johnson County Community College,DNE,Continuing Education,CE-AI-002,Generative AI (GenAI): Getting the Most from Your Tools,"Generative Artificial Intelligence (GenAI) tools such as ChatGPT, Copilot, and Gemini have taken over. In this class, students learn how these tools can help you accomplish productivity work quickly and more efficiently. This includes the authoring of content using word processing tools, the development of business presentations, or data stored in spreadsheets. Regardless of the software you use, what the data is about, or how it's structured, you can use freely available generative AI tools to enhance your productivity and help you find solutions to business problems.",Professional,Online,https://continuinged.jccc.edu/courses/detail/47116
Johnson County Community College,DNE,Continuing Education,CE-AI-003,Prompt Engineering with AI: Text and Image Generation,"Unlock the Potential of AI with this Prompt Engineering Course. At its base, prompt engineering involves the artful crafting and refinement of AI prompts. It's the gateway to harnessing the potential of large language models, allowing you to bring innovative ideas to life. In this course students learn how to use Artificial intelligence (AI) tools in a business setting to generate text and images that are unique, high quality, and cost effective. Learn how to tell AI tools what you want in the right ways through prompt engineering.",Professional,Online,https://continuinged.jccc.edu/courses/detail/47125
Johnson County Community College,DNE,Continuing Education,CE-AI-004,Introduction to Artificial Intelligence,"Introduce you to various forms of artificial intelligence (AI) and how we interact with AI as consumers in applications like chatbots and recommendation engines. You'll see how AI provides analytics in business and consider industries that may be transformed or even disrupted by AI implementations. You'll go under the hood to see how computers can learn using artificial neural networks and various forms of machine learning. You will review AI applications such as natural language processing, forecasting, and robotics. You'll also learn about the AI development process and how AI will affect the workforce. Finally, you'll consider some of the ethical factors in AI deployment.",Professional,Online,https://continuinged.jccc.edu/courses/detail/47681
Kansas Christian College,DNE,DNE,DNE,DNE,DNE,DNE,DNE,DNE
Kansas City Kansas Community College,DNE,Continuing Education,CE-AI-101,AI for Business Course: ChatGPT & Copilot,"Learn what Generative AI platforms like ChatGPT and Microsoft Copilot are and how you can take advantage of them to become more productive. In this AI for Business course, you will learn how to write prompts (talk to AI), generate content (answers, text, photos, video), analyze data, work faster/easier in Microsoft 365 (Office) apps, and much more.",Professional,Online,https://careertraining.kckcc.edu/training-programs/ai-for-business-course-chat-gpt-and-copilot/
Kansas City Kansas Community College,DNE,Continuing Education,CE-DS-101,Data Science & Artificial Intelligence,"Prepare to obtain training in Python programming, machine learning, data analysis, automation, and SQL. You will learn to build AI applications using APIs and frameworks, gaining hands-on experience in data cleaning, visualization, and model development with tools like Pandas, NumPy, and scikit-learn.",Professional,Online,https://careertraining.kckcc.edu/training-programs/data-science-and-artificial-intelligence-course/
Kansas City Kansas Community College,DNE,Continuing Education,CE-AI-102,Python for AI: Create AI Apps with Flask & OpenAI,"This intermediate-level Python course is designed to help you build AI-powered web applications using Flask and OpenAI. Curriculum covers topics such as setting up Flask projects and integrating AIs to help with key tasks, including building and styling web forms and integrating AI for tasks like sentiment analysis. This Python for AI course is ideal for those pursuing careers in AI development, Python engineering, or web application design.",Professional,Online,https://careertraining.kckcc.edu/training-programs/python-for-ai-course-create-ai-apps-with-flask-and-open-ai/
Kansas City Kansas Community College,DNE,Continuing Education,CE-DS-102,Python for Machine Learning & Data Science,"This comprehensive certificate combines Python, data science, and machine learning into one course. You begin with Python fundamentals and gradually build toward advanced skills like predictive modeling and neural networks. Through hands-on projects using tools like Pandas, NumPy, Matplotlib, and TensorFlow, you will gain valuable experience you can use in roles related to data analysis, machine learning, or Python development.",Professional,Online,https://careertraining.kckcc.edu/training-programs/python-for-machine-learning-and-data-science-course/
Kansas Health Science Center,DNE,DNE,DNE,DNE,DNE,DNE,DNE,DNE
Kansas State University,Graduate Certificate in Machine Learning and Autonomous Systems,Engineering Technology,MLAS 650,Autonomous Systems Architecture Studio,Advanced studio course focusing on the architecture and design of autonomous systems incorporating machine learning components,Graduate,In-person,https://www.salina.k-state.edu/academics/degree-options/mlas-certificate/
Kansas State University,Graduate Certificate in Machine Learning and Autonomous Systems,Engineering Technology,MLAS 700,Advanced Cybernetic Systems Development,Advanced development of cybernetic systems integrating artificial intelligence and machine learning for autonomous operations,Graduate,In-person,https://www.salina.k-state.edu/academics/degree-options/mlas-certificate/
Kansas State University,Master of Science in Data Analytics,Computer Science,CIS 731,Programming Techniques for Data Science,"Intermediate programming techniques for data science. Survey of programming concepts that underlie MapReduce, Apache Hadoop, and Spark, along with related tools. NoSQL, search tools, graph databases, and visualization presented in the context of real-world problems involving data integration and transformation.",Graduate,Both,
Kansas State University,Master of Science in Data Analytics,Computer Science,CIS 733,Data Science Foundations,"Methods used for making discoveries in complex data and turning data into knowledge. Handling big data and �small data,� feature engineering, convolutions, classification, regression, using clustering for discovery, novelty detection, statistical inference, research design, prescriptive analytics, and more. Using standard software packages and libraries for preparing and analyzing data, implementing supervised machine learning, and visualization.",Graduate,Both,https://catalog.k-state.edu/preview_course_nopop.php?catoid=55&coid=368825
Kansas State University,Data Analytics Graduate Certificate,K-State Online,CIS 730,Principles of Artificial Intelligence,"Introduction to the fundamental concepts and techniques of AI: problem solving, search and planning, knowledge representation and qualitative reasoning, expert systems, natural language processing and cognitive modeling, computer vision, and machine learning.",Graduate,Online,https://online.k-state.edu/programs/certificates/graduate-certificates/data-analytics.html
Kansas State University,Data Analytics Graduate Certificate,K-State Online,CIS 732,Machine Learning and Pattern Recognition,"Theory and methodology of inductive learning, including decision trees, artificial neural networks, probabilistic and instance-based learning, and inductive logic programming; unsupervised and reinforcement learning, bagging and boosting; genetic algorithms and genetic programming; and applications to data mining.",Graduate,Online,https://online.k-state.edu/programs/certificates/graduate-certificates/data-analytics.html
Kansas State University,Bachelor of Science in Machine Learning and Autonomous Systems,Engineering Technology,MLAS 100,Survey of Machine Learning and Autonomous Systems,Introduction to machine learning and autonomous systems concepts providing overview of the field and foundational principles,Undergraduate,Online,https://online.k-state.edu/programs/machine-learning-and-autonomous-systems-bachelors/
Kansas State University,Bachelor of Science in Machine Learning and Autonomous Systems,Engineering Technology,MLAS 200,Introduction to Automata and Cybernetic Systems Theory,Introduction to automata theory and cybernetic systems principles underlying autonomous systems design,Undergraduate,Online,https://online.k-state.edu/programs/machine-learning-and-autonomous-systems-bachelors/
Kansas State University,Bachelor of Science in Machine Learning and Autonomous Systems,Engineering Technology,MLAS 350,Data Structures for Machine Learning,Study of data structures specifically designed for machine learning applications and algorithms,Undergraduate,Online,https://online.k-state.edu/programs/machine-learning-and-autonomous-systems-bachelors/
Kansas State University,Bachelor of Science in Machine Learning and Autonomous Systems,Engineering Technology,MLAS 390,Unsupervised Learning in Autonomous Systems,Exploration of unsupervised machine learning techniques applied to autonomous systems including clustering and dimensionality reduction,Undergraduate,Online,https://online.k-state.edu/programs/machine-learning-and-autonomous-systems-bachelors/
Kansas State University,Bachelor of Science in Machine Learning and Autonomous Systems,Engineering Technology,MLAS 400,Supervised Learning in Autonomous Systems,"Supervised learning is the machine learning task of learning a function that maps an input to an output based on example input-output pairs. Using probabilistic programming languages, this course will illustrate supervised machine learning concepts via data preparation, training data, model evaluation, and operationalization. Common machine learning algorithms for supervised learning such as K-nearest neighbors, logistic regression, decision trees and random forests will be explored and operationalized within an autonomous system.",Undergraduate,Online,https://online.k-state.edu/programs/machine-learning-and-autonomous-systems-bachelors/
Kansas State University,Bachelor of Science in Machine Learning and Autonomous Systems,Engineering Technology,MLAS 500,Reinforcement Learning in Autonomous Systems,Advanced study of reinforcement learning techniques and their application to autonomous systems decision-making processes,Undergraduate,Online,https://online.k-state.edu/programs/machine-learning-and-autonomous-systems-bachelors/
Kansas State University,Bachelor of Science in Machine Learning and Autonomous Systems,Engineering Technology,MLAS 501,Artificial Intelligence Studio,Studio course focusing on practical development and implementation of artificial intelligence systems and applications,Undergraduate,Online,https://online.k-state.edu/programs/machine-learning-and-autonomous-systems-bachelors/
Kansas State University,Bachelor of Science in Machine Learning and Autonomous Systems,Engineering Technology,MLAS 502,Autonomous Systems Senior Capstone,Senior capstone project integrating machine learning and autonomous systems knowledge into comprehensive system design,Undergraduate,Online,https://online.k-state.edu/programs/machine-learning-and-autonomous-systems-bachelors/
Kansas Wesleyan University,Bachelor of Science in Computer Science and Data Analytics,Math Physics and Computer Studies,COMP 135,Introduction to Artificial Intelligence,Introduction to fundamental concepts and applications of artificial intelligence in computing,Undergraduate,In-person,https://www.kwu.edu/academics/programs/undergraduate/computer-science-and-data-analytics-with-tracks/
Kansas Wesleyan University,Bachelor of Science in Computer Science and Data Analytics,Math Physics and Computer Studies,COMP 137,Data Science with Beginning Python Programming,Introduction to data science concepts using Python programming language,Undergraduate,In-person,https://www.kwu.edu/academics/programs/undergraduate/computer-science-and-data-analytics-with-tracks/
Kansas Wesleyan University,Bachelor of Science in Computer Science and Data Analytics - Data Science Concentration,Math Physics and Computer Studies,COMP 316,Machine Learning,"This course will introduce the fundamental concepts and algorithms that enable computational artifacts to modify and improve their performance through experience. We will cover a variety of topics, including decision trees, logistic regression, support vector machines, ensemble methods, Bayesian methods, neural networks, clustering, and dimensionality reduction.",Undergraduate,In-person,https://www.kwu.edu/academics/programs/undergraduate/computer-science-and-data-analytics-with-tracks/
Kansas Wesleyan University,Bachelor of Science in Computer Science and Data Analytics - Data Science Concentration,Math Physics and Computer Studies,MATH 315,Applied Data Science with Python,Application of data science techniques using Python programming for practical data analysis,Undergraduate,In-person,https://www.kwu.edu/academics/programs/undergraduate/computer-science-and-data-analytics-with-tracks/
Kansas Wesleyan University,Bachelor of Science in Computer Science and Data Analytics - Data Science Concentration,Math Physics and Computer Studies,COMP 315,Topics of Artificial Intelligence,Advanced topics in artificial intelligence covering current research and applications,Undergraduate,In-person,https://www.kwu.edu/academics/programs/undergraduate/computer-science-and-data-analytics-with-tracks/
Labette Community College,DNE,Continuing Education,CE-AI-201,AI for Business Course: ChatGPT & Copilot,"Prepare to transform your professional and personal life by changing the way you work. Learn what Generative AI platforms like ChatGPT and Microsoft Copilot are and how you can take advantage of them to become more productive. In this AI for Business course, you will learn how to write prompts (talk to AI), generate content (answers, text, photos, video), analyze data, work faster/easier in Microsoft 365 (Office) apps, and much more.",Professional,Online,https://careertraining.ed2go.com/labette/training-programs/ai-for-business-course-chat-gpt-and-copilot/
Labette Community College,DNE,Continuing Education,CE-DS-201,Data Science & Artificial Intelligence,"Prepare to obtain training in Python programming, machine learning, data analysis, automation, and SQL. You will learn to build AI applications using APIs and frameworks, gaining hands-on experience in data cleaning, visualization, and model development with tools like Pandas, NumPy, and scikit-learn.",Professional,Online,https://careertraining.ed2go.com/labette/training-programs/data-science-and-artificial-intelligence-course/
Labette Community College,DNE,Continuing Education,CE-AI-202,Python for AI: Create AI Apps with Flask & OpenAI,"This intermediate-level Python course is designed to help you build AI-powered web applications using Flask and OpenAI. Curriculum covers topics such as setting up Flask projects and integrating AIs to help with key tasks, including building and styling web forms and integrating AI for tasks like sentiment analysis. This Python for AI course is ideal for those pursuing careers in AI development, Python engineering, or web application design.",Professional,Online,https://careertraining.ed2go.com/labette/training-programs/python-for-ai-course-create-ai-apps-with-flask-and-open-ai/
Labette Community College,DNE,Continuing Education,CE-DS-202,Python for Machine Learning & Data Science,"This comprehensive certificate combines Python, data science, and machine learning into one course. You begin with Python fundamentals and gradually build toward advanced skills like predictive modeling and neural networks. Through hands-on projects using tools like Pandas, NumPy, Matplotlib, and TensorFlow, you will gain valuable experience you can use in roles related to data analysis, machine learning, or Python development.",Professional,Online,https://careertraining.ed2go.com/labette/training-programs/python-for-machine-learning-and-data-science-course/
Manhattan Area Technical College,DNE,DNE,DNE,DNE,DNE,DNE,DNE,DNE
Manhattan Christian College,DNE,DNE,DNE,DNE,DNE,DNE,DNE,DNE
McPherson College,Data Science Minor,Mathematics & Information Technology,IT 115,Introduction to Data Science,"An introduction to programming in R. The development of design skills and programming style is emphasized through practice with increasingly complex data structures and programming projects. Students are introduced to several classic algorithms, functions, recursion, and R as a programming language.",Undergraduate,In-person,https://catalog.mcpherson.edu/year/catalog-25-26/
MidAmerica Nazarene University,Bachelor of Business Administration (BBA) - Applied AI in Business Concentration,Business,BTEC 1303,Essentials of AI in Business,"Offers a practical introduction to artificial intelligence (AI) with a special emphasis on its transformative role in business. It combines a solid grounding in AI's history and core concepts, such as machine learning, natural language processing, predictive analytics, and robotics, with a clear focus on how these technologies are used to drive business innovation and decision making. Through engaging case studies, hands-on exercises, and discussions of real-world applications in sectors including marketing, finance, supply chain management, and customer experience, students will learn how to leverage AI for competitive advantage. Ethical considerations are integrated throughout, addressing issues of fairness, bias, transparency, and responsible AI adoption in business environments, built on the foundation of Christian principles and ethics.",Undergraduate,Online,https://catalog.mnu.edu/preview_program.php?catoid=5&poid=992&returnto=280
MidAmerica Nazarene University,Bachelor of Business Administration (BBA) - Applied AI in Business Concentration,Business,BTEC 2303,AI Ethics and Policy in Business,"Provides an in-depth exploration of the ethical considerations, governance frameworks, and leadership challenges associated with the use of Artificial Intelligence (AI) in business. Designed for beginners, it examines how AI is transforming decision-making, corporate social responsibility, and leadership dynamics. Students will engage with real-world case studies and develop strategies for ethically implementing AI in business operations. By the end of the course, students will understand the implications of AI on corporate governance, ethical AI practices, and responsible leadership in an AI-driven business world.",Undergraduate,Online,https://catalog.mnu.edu/preview_program.php?catoid=5&poid=992&returnto=280
MidAmerica Nazarene University,Bachelor of Business Administration (BBA) - Applied AI in Business Concentration,Business,BTEC 2313,Introduction to the Language of AI,"Provides undergraduate business students with a comprehensive introduction to Python programming, machine learning, and natural language processing (NLP), with a focus on practical applications in the business world. Students will learn the fundamentals of Python, gain insights into machine learning models, and explore how NLP can be used to analyze and interpret business data. By the end of the course, students will be equipped to apply these technologies to solve real-world business problems, enhancing decision-making and driving innovation in various industries.",Undergraduate,Online,https://catalog.mnu.edu/preview_program.php?catoid=5&poid=992&returnto=280
MidAmerica Nazarene University,Bachelor of Business Administration (BBA) - Applied AI in Business Concentration,Business,BTEC 3303,Generative AI for Business Leadership,"Explores the transformative potential of generative artificial intelligence in driving innovation, strategic decision-making, and effective leadership in the modern business landscape. This course is designed for students to develop the soft skills and qualitative expertise necessary to navigate the intersection of AI and human-centered business practices. Students will examine the applications of generative AI in areas such as communication, human resources, management, marketing, and organizational behavior while fostering ethical decision-making, creative problem-solving, and emotional intelligence. The course emphasizes hands-on projects, real-world scenarios, and the development of strategic leadership capabilities for leveraging AI in diverse organizational contexts.",Undergraduate,Online,https://catalog.mnu.edu/preview_program.php?catoid=5&poid=992&returnto=280
MidAmerica Nazarene University,Bachelor of Business Administration (BBA) - Applied AI in Business Concentration,Business,BTEC 3313,Generative AI for Business Analytics,"Designed to equip students with the quantitative, analytical, and technical skills necessary to harness the power of generative AI in data-driven business decision-making. This course emphasizes the practical application of AI tools to areas such as accounting, economics, finance, organizational development/systems, and statistics. Students will learn to integrate AI-powered solutions into business analytics workflows, optimize performance, and generate insights for complex problem-solving. The curriculum focuses on leveraging generative AI to improve accuracy, efficiency, and innovation in business processes, while addressing the ethical and technical challenges of AI deployment in analytics.",Undergraduate,Online,https://catalog.mnu.edu/preview_program.php?catoid=5&poid=992&returnto=280
MidAmerica Nazarene University,Bachelor of Business Administration (BBA) - Applied AI in Business Concentration,Business,BTEC 4303,Generative AI for Advanced Applications and Future Trends,"Explores the transformative potential of generative AI in business. Combining qualitative soft skills and quantitative hard skills, this course equips students to design, implement, and manage advanced AI-driven solutions across critical business functions. Students will explore advanced applications such as business dashboards, executive strategy, project management, and supply chain optimization using team-centered projects. This course continuously evolves and explores emerging trends in AI technologies. By synthesizing knowledge from previous courses, students will apply generative AI to develop innovative business models and strategies, fostering a forward-thinking approach to leadership. Students will compile a professional portfolio that represents their cumulative skill sets and showcases their AI mastery in various applications and programs.",Undergraduate,Online,https://catalog.mnu.edu/preview_program.php?catoid=5&poid=992&returnto=280
MidAmerica Nazarene University,Graduate Certificate in Business Data Analytics,Informatics / Information Systems,INSY 6633,Fundamentals of Machine Learning,"Introduces core concepts of machine learning with emphasis on computational, statistical, and mathematical foundations.",Graduate,Online,https://catalog.mnu.edu/preview_course_nopop.php?catoid=2&coid=1589
Midwest Barber College,DNE,DNE,DNE,DNE,DNE,DNE,DNE,DNE
Mitsu Sato Hair Academy,DNE,DNE,DNE,DNE,DNE,DNE,DNE,DNE
Neosho County Community College,DNE,DNE,DNE,DNE,DNE,DNE,DNE,DNE
Newman University,Master of Science in Data Science,School of Business & Technology,DSCI 6413,Applied Machine Learning 1,"A study of and hands-on experience with current best practices in the development of machine learning models and processes essential to the development of predictive analytics workflows. Includes a study of and experience working with industry-leading statistical analyses and machine learning algorithms from linear and logistic regression to decision trees, random forests, neural networks, boosting algorithms, and ensembles. Requires a computer with a current version of Microsoft Office and the system requirements necessary for the required course software.",Graduate,Both,https://catalog.newmanu.edu//preview_program.php?catoid=12&poid=1283
Newman University,Master of Science in Data Science,School of Business & Technology,DSCI 6513,Applied Machine Learning 2,Further study of and hands-on experience in the development of highly performative machine learning models and processes in accordance with current industry best practices. Requires a computer with a current version of Microsoft Office and the system requirements necessary for required course software.,Graduate,Both,https://catalog.newmanu.edu//preview_program.php?catoid=12&poid=1283
Newman University,Master of Science in Data Science,School of Business & Technology,DSCI 6523,Machine Learning Operations,"A study of current best practice in the deployment and maintenance of data models in the context of a software system. This course does not require extensive programming experience. Rather, it will provide a thorough introduction to the interrelationships between software development and machine learning. Those with previous programming experience will leave this course better prepared to work in MLOps roles. Those with little previous programming experience will leave ready to be knowledgeable contributors to the design and maintenance of MLOps processes. Requires a computer with a current version of Microsoft Office and the system requirements necessary for required course software.",Graduate,Both,https://catalog.newmanu.edu//preview_program.php?catoid=12&poid=1283
North Central Kansas Technical College,DNE,DNE,DNE,DNE,DNE,DNE,DNE,DNE
Northwest Kansas Technical College,DNE,DNE,DNE,DNE,DNE,DNE,DNE,DNE
Old Town Barber College-Wichita,DNE,DNE,DNE,DNE,DNE,DNE,DNE,DNE
Ottawa University-Kansas City,DNE,DNE,DNE,DNE,DNE,DNE,DNE,DNE
Ottawa University-Online,DNE,DNE,DNE,DNE,DNE,DNE,DNE,DNE
Ottawa University-Ottawa,DNE,DNE,DNE,DNE,DNE,DNE,DNE,DNE
Paul Mitchell the School-Overland Park,DNE,DNE,DNE,DNE,DNE,DNE,DNE,DNE
Paul Mitchell the School-Wichita,DNE,DNE,DNE,DNE,DNE,DNE,DNE,DNE
Pittsburg State University,Data Science Minor,College of Business,DSIS 450,Artificial Intelligence,Introduces artificial intelligence techniques used in business information systems. It begins with a brief history AI. The course will cover some of the current applications and trends in AI as well as the algorithms and programming logic used in these systems. The course will provide students hands-on learning experience in implementing some of the techniques and algorithms.,Undergraduate,In-person,https://www.pittstate.edu/registrar/catalog/archive/2025-2026/college-of-business/undergraduate/data-science-minor.html
Pittsburg State University,Master of Science in Data Science and Information Systems,College of Business,DSIS 801,Topics in Data Science & Information Systems,A study of an area of Data Science and Information Systems theory or applications. A specific topic will be defined each time the course is offered. May be repeated if the topic is different.,Graduate,In-person,https://psuapps-lb.pittstate.edu/StudentInformationSystem/schedule/coursedisplay?TERM=25SP&coursegrouping=KGSB
Pratt Community College,DNE,DNE,DNE,DNE,DNE,DNE,DNE,DNE
Rasmussen University-Kansas,DNE,DNE,DNE,DNE,DNE,DNE,DNE,DNE
Saint Paul School of Theology,DNE,DNE,DNE,DNE,DNE,DNE,DNE,DNE
Salina Area Technical College,DNE,DNE,DNE,DNE,DNE,DNE,DNE,DNE
Sami Halaseh Institute,DNE,DNE,DNE,DNE,DNE,DNE,DNE,DNE
Seward County Community College,Associate of Science in Computer Information Systems,Computer Information Systems,CS1321,Prompt Writing with Artificial Intelligence,"Designed to master prompt engineering, focusing on crafting increasingly accurate and effective prompts for AI applications. Students will progressively learn techniques that culminate in the creation of a customized AI-driven tool tailored to educational or administrative needs.",Undergraduate,In-person,https://catalog.sccc.edu/computer-information-systems
Seward County Community College,Associate of Science in Computer Information Systems,Computer Information Systems,CS1323,Artificial Intelligence Fundamentals,"Introduces students to the principles, techniques, and applications of Artificial Intelligence (AI). Topics include history, search algorithms, knowledge representation, natural language processing, and machine learning. Students will engage in hands-on exploration of AI tools such as OpenAI's API and learn how to design and test intelligent systems.",Undergraduate,In-person,https://catalog.sccc.edu/computer-information-systems
Southwestern College,Bachelor of Science in Data Science,Professional Studies,DASC240,Role of Data Science,"The role of data analysis will explore the foundations of data analysis and its role in decision-making. Students will study the foundations of data analysis and the role of collecting, cleaning, and organizing data to ensure the data is accurate and accessible for interpretation to inform stakeholders.",Undergraduate,In-person,https://ps.sckans.edu/degrees-and-certificates/bachelors/data-science/
Southwestern College,Bachelor of Science in Data Science,Professional Studies,DASC320,Data Science,Data science is the study of data to extract meaningful information and will build upon the role of data analytics. Students examine this multidisciplinary approach that combines principles from mathematics and computer science with a focus on designing of processes for data modeling and analysis.,Undergraduate,In-person,https://ps.sckans.edu/degrees-and-certificates/bachelors/data-science/
Southwestern College,Bachelor of Science in Data Science,Professional Studies,DASC401,Emerging Trends in Data Science,"This course provides an in-depth exploration of the most recent developments in data science, including emerging trends and new techniques. Students will gain a deep understanding of the latest advancements in machine learning, data visualization, data mining, and statistical modeling. This course is designed for students who have a strong foundation in data science and want to stay up to date on the latest developments in the field.",Undergraduate,In-person,https://ps.sckans.edu/degrees-and-certificates/bachelors/data-science/
Southwestern College,Bachelor of Science in Data Science,Professional Studies,DASC425,Machine Learning,"This course will provide a fundamental overview of concepts used in computational data analysis. Topics include regression, classification, clustering, time-series data, and visualization. Students will perform data analysis using Python including predictive analysis.",Undergraduate,In-person,https://ps.sckans.edu/degrees-and-certificates/bachelors/data-science/
Sterling College,DNE,DNE,DNE,DNE,DNE,DNE,DNE,DNE
Tabor College,Bachelor of Science in Computer Science - Data Science Concentration,Science & Mathematics,DS 356,Introduction to Generative AI,Introduction to generative artificial intelligence concepts and applications,Undergraduate,In-person,https://tabor.edu/wp-content/uploads/2025/08/Academic-Catalog-25-26-FINAL2.0.pdf
Tabor College,Bachelor of Science in Computer Science - Data Science Concentration,Science & Mathematics,DS 410,Perspectives of Data Science,Overview of data science field including methodologies and applications across various domains,Undergraduate,In-person,https://tabor.edu/wp-content/uploads/2025/08/Academic-Catalog-25-26-FINAL2.0.pdf
Tabor College,Bachelor of Science in Computer Science - Data Science Concentration,Science & Mathematics,DS 425,Machine Learning & Deep Learning,Advanced study of machine learning algorithms and deep learning neural network architectures,Undergraduate,In-person,https://tabor.edu/wp-content/uploads/2025/08/Academic-Catalog-25-26-FINAL2.0.pdf
University of Kansas,Bachelor of Science in Data Science,College of Liberal Arts & Sciences,PSYC 199,Data I: Dealing with Data,"Data science is an interdisciplinary field that uses scientific methods, processes, algorithms and systems to derive knowledge and insights from data. This course teaches students the core concepts of inference and computing, working with real behavioral, economic, geographic, physical, social, and text data. Students obtain basic statistics training from a computational perspective using simulation to answer questions, explore problems, and delve into social issues surrounding data analysis such as privacy and design.",Undergraduate,In-person,https://data.ku.edu/bs-data-science
University of Kansas,Bachelor of Science in Data Science,College of Liberal Arts & Sciences,PSYC 399,Data II: Foundations of Data Science,"Data science empowers its users to provide data-drive solutions to problems and questions in the world. This course provides foundational skill and knowledge behind this power. This knowledge and skill includes learning to formulate effective questions to answer with data, computer programming, data management and wrangling, exploratory data analysis and visualization, statistical inference and prediction, data-driven decision making, and communication.",Undergraduate,In-person,https://data.ku.edu/bs-data-science
University of Kansas,Bachelor of Science in Data Science,College of Liberal Arts & Sciences,PSYC 599,Data III: Data Management,"Focuses on the concepts and skills needed to prepare data for analysis, as well as to document data for preservation and reuse. This class provides students with a functional foundation for data selection, cleaning, integration, reduction, and transformation. Students will learn data wrangling skills using a set of tools including Python, SAS, Regular Expressions, and SQL.",Undergraduate,In-person,https://data.ku.edu/bs-data-science
University of Kansas,Bachelor of Science in Data Science,College of Liberal Arts & Sciences,PSYC 612,Data IV: Introduction to Machine and Statistical Learning,Large-scale data sets have become ubiquitous across many applied areas. The goal of this course is to introduce methods that are well-suited to find insights using these big data sets. The course focuses on statistical learning techniques and high-dimensional statistics that can be applied in context-specific domains. Students will learn both the theory of supervised and unsupervised statistical learning techniques as well as how to program these statistical methods in Python with the common libraries that facilitate their use.,Undergraduate,In-person,https://data.ku.edu/bs-data-science
University of Kansas,Undergraduate Certificate in Data Science,College of Liberal Arts & Sciences,PSYC 199,Data I: Dealing with Data,"Data science is an interdisciplinary field that uses scientific methods, processes, algorithms and systems to derive knowledge and insights from data. This course teaches students the core concepts of inference and computing, working with real behavioral, economic, geographic, physical, social, and text data. Students obtain basic statistics training from a computational perspective using simulation to answer questions, explore problems, and delve into social issues surrounding data analysis such as privacy and design.",Undergraduate,In-person,https://catalog.ku.edu/liberal-arts-sciences/psychology/data-science-ugcert/
University of Kansas,Undergraduate Certificate in Data Science,College of Liberal Arts & Sciences,MATH 582,Computational Data Science,"Provides an introduction to topics in data science and machine learning with an emphasis on computation and applications. Programming for the course uses the student's choice of Matlab, Python, or R. Topics covered include dimension reduction, regression techniques, density estimation, machine learning, data assimilation, and clustering and classification techniques.",Undergraduate,In-person,https://catalog.ku.edu/liberal-arts-sciences/psychology/data-science-ugcert/
University of Kansas,Undergraduate Certificate in Data Science,College of Liberal Arts & Sciences,PSYC 399,Data II: Foundations of Data Science,"Data science empowers its users to provide data-drive solutions to problems and questions in the world. This course provides foundational skill and knowledge behind this power. This knowledge and skill includes learning to formulate effective questions to answer with data, computer programming, data management and wrangling, exploratory data analysis and visualization, statistical inference and prediction, data-driven decision making, and communication.",Undergraduate,In-person,https://catalog.ku.edu/liberal-arts-sciences/psychology/data-science-ugcert/
University of Kansas,Undergraduate Certificate in Data Science,College of Liberal Arts & Sciences,PHIL 325,Philosophy of Computation AI and Robots,"Computers are everywhere, and they seem to be getting increasingly intelligent. However, it is surprisingly difficult to say what exactly a computer is, and what it means for one to be intelligent. In this course, we will examine arguments about the nature of computation, including how computation is used in science, whether computers and robots could really have minds (or could only just simulate having a mind), and whether the brain might literally be a computer.",Undergraduate,In-person,https://catalog.ku.edu/liberal-arts-sciences/psychology/data-science-ugcert/
University of Kansas,Minor in Data Science,College of Liberal Arts & Sciences,PSYC 199,Data I: Dealing with Data,"Data science is an interdisciplinary field that uses scientific methods, processes, algorithms and systems to derive knowledge and insights from data. This course teaches students the core concepts of inference and computing, working with real behavioral, economic, geographic, physical, social, and text data. Students obtain basic statistics training from a computational perspective using simulation to answer questions, explore problems, and delve into social issues surrounding data analysis such as privacy and design.",Undergraduate,In-person,https://catalog.ku.edu/liberal-arts-sciences/psychology/data-science-minor/
University of Kansas,Minor in Data Science,College of Liberal Arts & Sciences,PSYC 399,Data II: Foundations of Data Science,"Data science empowers its users to provide data-drive solutions to problems and questions in the world. This course provides foundational skill and knowledge behind this power. This knowledge and skill includes learning to formulate effective questions to answer with data, computer programming, data management and wrangling, exploratory data analysis and visualization, statistical inference and prediction, data-driven decision making, and communication.",Undergraduate,In-person,https://catalog.ku.edu/liberal-arts-sciences/psychology/data-science-minor/
University of Kansas,Minor in Data Science,College of Liberal Arts & Sciences,PSYC 599,Data III: Data Management,"Focuses on the concepts and skills needed to prepare data for analysis, as well as to document data for preservation and reuse. This class provides students with a functional foundation for data selection, cleaning, integration, reduction, and transformation. Students will learn data wrangling skills using a set of tools including Python, SAS, Regular Expressions, and SQL.",Undergraduate,In-person,https://catalog.ku.edu/liberal-arts-sciences/psychology/data-science-minor/
University of Kansas,Minor in Data Science,College of Liberal Arts & Sciences,PSYC 612,Data IV: Introduction to Machine and Statistical Learning,Large-scale data sets have become ubiquitous across many applied areas. The goal of this course is to introduce methods that are well-suited to find insights using these big data sets. The course focuses on statistical learning techniques and high-dimensional statistics that can be applied in context-specific domains. Students will learn both the theory of supervised and unsupervised statistical learning techniques as well as how to program these statistical methods in Python with the common libraries that facilitate their use.,Undergraduate,In-person,https://catalog.ku.edu/liberal-arts-sciences/psychology/data-science-minor/
University of Kansas,Graduate Certificate in Data Science,Engineering,EECS 836,Machine Learning,"Machine learning is the study of computer algorithms that improve automatically through experience. This course introduces basic concepts and algorithms in machine learning. A variety of topics such as Bayesian decision theory, dimensionality reduction, clustering, neural networks, hidden Markov models, combining multiple learners, reinforcement learning, Bayesian learning etc. will be covered.",Graduate,In-person,https://catalog.ku.edu/engineering/electrical-engineering-computer-science/certificate-data-science/
University of Kansas,Graduate Certificate in Data Science,Engineering,EECS 841,Computer Vision,"Hands-on introduction to the fundamentals and applications of computer vision. Topics include: Image processing fundamentals, feature detection and matching, projective geometry and transformation, camera geometry and calibration, two-view geometry and stereo vision, structure from motion, parameter estimation and optimization, and the latest developments and applications in computer vision.",Graduate,In-person,https://catalog.ku.edu/engineering/electrical-engineering-computer-science/certificate-data-science/
University of Kansas,Master of Science in Health Data Science and Informatics,Biostatistics & Data Science,HDSC 790,Introduction to Artificial Intelligence and Machine Learning,"Machine learning sits at the cross-section of statistics and computer science and refers to a broad class of methods/algorithms for analyzing large volumes of data to discern patterns, learn from those patterns, and make informed decisions. As a subset of Artificial Intelligence, ML is a fast-evolving area that is transforming healthcare before our eyes. In this introductory course, students will gain familiarity with the distinction between AI, ML, and Deep Learning; the difference types of machine learning; contemporary examples of how machine/deep learning is being applied to advance healthcare and biomedical research; model building and validation; metrics for assessing the quality and performance of machine and deep learning models; and the tools/technologies that facilitate machine/deep learning. In addition, students will receive hands-on experience implementing and interpreting machine/deep learning models using a cloud-based platform called Databricks. This course is intended for individuals who are curious about AI, ML, and DL and has been designed to be approachable to broad audience, ranging from individuals with limited statistical and computational backgrounds to individuals that have received significant prior training in these areas.",Graduate,In-person,https://catalog.ku.edu/medicine/biostatistics/ms-health-data-science/
University of Kansas,"Bachelor of Science in Computer Science, Applied Computing, or Chemical Engineering",Electrical Engineering and Computer Science,EECS 331,Introduction to Data Science,"This course covers the core concepts in data science via programming. Topics include data lifecycle activities such as data collection, data analysis and integration, data cleaning and wrangling, and data visualization. Data science concepts such as classification, KNN and linear regression analysis, clustering, and statistical inference will be presented. The course includes practical case studies and problem solving in science, engineering, business, medicine, and social sciences. Programming tools include Python, R, SQL, and Unix shell.",Undergraduate,In-person,https://eecs.ku.edu/eecs-courses
University of Kansas,"Bachelor of Science in Computer Science, Applied Computing, or Chemical Engineering",Electrical Engineering and Computer Science,EECS 649,Introduction to Artificial Intelligence,"General concepts, search procedures, two-person games, predicate calculus and automated theorem proving, nonmonotonic logic, probabilistic reasoning, rule based systems, semantic networks, frames, dynamic memory, planning, machine learning, natural language understanding, neural networks.",Undergraduate,In-person,https://eecs.ku.edu/eecs-courses
University of Kansas,"Bachelor of Science in Computer Science, Applied Computing, or Chemical Engineering",Electrical Engineering and Computer Science,EECS 658,Introduction to Machine Learning,"This course provides an introduction to the basic methods of machine learning and how to apply them to solve software engineering problems. Topics covered are: supervised learning, unsupervised learning, and reinforcement learning methods; feature selection techniques; structuring machine learning solutions; and evaluation metrics.",Undergraduate,In-person,https://eecs.ku.edu/eecs-courses
University of Kansas,Graduate Certificate in Data Science,Electrical Engineering and Computer Science,EECS 835,Advanced Data Science,"This course covers topics in data collection, data transmission, and data analysis, in support of discoveries and innovations based on massive amounts of data. This course surveys current topics in data science. It provides a comprehensive review of theory, algorithms, and tools that are used in data science and prepares students to take in-depth following up courses in EECS. This is a project-oriented course. It offers hands-on experience for students to integrate knowledge from a wide-range of topics in data science without dwelling on any particular subfield of data science.",Graduate,In-person,https://eecs.ku.edu/eecs-courses
University of Saint Mary,Master of Business Administration - Artificial Intelligence Concentration,Business,MGT 730,Legal and Ethical Issues of Artificial Intelligence,"Explores the complexities of implementing AI systems within business environments while ensuring compliance with legal and ethical standards. Students will examine the ethical concerns surrounding AI, including fairness, transparency, privacy, and bias in AI systems. The course will cover the legal frameworks governing AI use, such as data protection laws, intellectual property rights, and emerging AI regulations. Students will gain insights into how businesses can navigate these challenges, mitigate risks, and develop responsible AI practices.",Graduate,Both,https://stmary.edu/mba
University of Saint Mary,Master of Business Administration - Artificial Intelligence Concentration,Business,MGT 742,Current and Advanced Topics in AI,"Provides an in-depth exploration of the cutting-edge developments and emerging trends in AI. Students will examine current and advanced topics in AI, such as generative AI, reinforcement learning, natural language processing, and AI-driven decision-making. The course will also cover innovative AI applications across various industries, including healthcare, finance, retail, and beyond. Students will analyze how these advanced AI technologies are shaping the future of business and will be equipped to lead AI-driven innovation within organizations.",Graduate,Both,https://stmary.edu/mba
Washburn Institute of Technology,DNE,DNE,DNE,DNE,DNE,DNE,DNE,DNE
Washburn University,Bachelor of Science with Concentration in Data Science,Arts & Sciences,CM 332,Artificial Intelligence,"An overview of AI concepts, techniques, and applications. Topics include knowledge representation, reasoning, search methods, constraint satisfaction, learning, planning, logic, uncertainty, and the societal and ethical impacts of AI technology.",Undergraduate,In-person,https://www.washburn.edu/academics/college-schools/arts-sciences/computer-information-sciences/files/BS_DS_4yr.pdf
Washburn University,Certificate in Artificial Intelligence,Computer Information Sciences,AI108,AI Fundamentals: Machines Minds and Society,An introductory course designed to explore AI technologies and their societal implications.,Undergraduate,In-person,https://www.washburn.edu/academics/college-schools/arts-sciences/computer-information-sciences/files/CIS-certificates.pdf
Washburn University,Certificate in Artificial Intelligence,Computer Information Sciences,AI208,AI Methods: From Concepts to Applications,"Covers methodologies used in AI development and deployment, translating theory into practical tools.",Undergraduate,In-person,https://www.washburn.edu/academics/college-schools/arts-sciences/computer-information-sciences/files/CIS-certificates.pdf
Washburn University,Certificate in Artificial Intelligence,Computer Information Sciences,PH329,AI Ethics,Examines ethical considerations and frameworks surrounding the use of artificial intelligence.,Undergraduate,In-person,https://www.washburn.edu/academics/college-schools/arts-sciences/computer-information-sciences/files/CIS-certificates.pdf
WellSpring School of Allied Health-Lawrence,DNE,DNE,DNE,DNE,DNE,DNE,DNE,DNE
WellSpring School of Allied Health-Wichita,DNE,DNE,DNE,DNE,DNE,DNE,DNE,DNE
Wichita State University,Master of Science in Data Science,Engineering,CS 746,Perspectives on Data Science,"Covers the perspectives and fundamentals of data science. Topics include data collection, preprocessing, transformation, exploratory data analysis, visualization, predictive modeling, descriptive modeling, clustering, regression and classification and data science project life cycle. This course is limited to engineering students and students in other colleges majoring in data science/analytics related programs.",Graduate,In-person,https://catalog.wichita.edu/graduate/engineering/school-computing/ms-data-science/
Wichita State University,Master of Science in Data Science,Engineering,CS 770,Machine Learning,"Introductory course on machine learning. Topics include supervised and unsupervised learning, k-nearest neighbor classifiers, decision trees, linear regression, support vector machines, kernel methods, naive Bayes classifier, logistic regression, neural networks, deep learning, k-means clustering, hierarchical clustering, mixture of Gaussians and EM algorithms, linear and non-linear dimension reductions.",Graduate,In-person,https://catalog.wichita.edu/graduate/engineering/school-computing/ms-data-science/
Wichita State University,Master of Science in Data Science,Engineering,CS 896,Capstone Project in Data Science,"This capstone course is for MS in data science students only. It aims at providing students the opportunity to apply the various data science concepts (algorithms, methods and tools) they have studied to solve real world data science problems. Students engage in the entire data science life cycle process topics, including data collection, preprocessing, transformation, exploratory data analysis, visualization, predictive modeling, descriptive modeling, clustering, regression and classification by working on a project. Capstone course.",Graduate,In-person,https://catalog.wichita.edu/graduate/engineering/school-computing/ms-data-science/
Wichita State University,Master of Science in Data Science,Engineering,CS 771,Artificial Intelligence,"Introduces some of the fundamental concepts and techniques underlying artificial intelligence. Topics covered include state spaces, heuristic search, game playing, knowledge representation, and resolution in propositional and first-order predicate logic.",Graduate,In-person,https://catalog.wichita.edu/graduate/engineering/school-computing/ms-data-science/
Wichita State University,Master of Science in Data Science,Engineering,CS 797O,Neural Networks and Deep Learning,"Provides students with in depth knowledge of the use, structure, implementation and analysis of neural networks. The main topics covered are structure and basic types of neural networks, learning techniques, and specialized networks, including but not limited to Hopfield networks, dynamic and competitive networks, Grossberg Networks, and recurrent networks. Case studies are also used to understand the use and optimization with real world examples.",Graduate,In-person,https://catalog.wichita.edu/graduate/engineering/school-computing/ms-data-science/
Wichita State University,Master of Science in Data Science,Engineering,CS 898BE,Advanced Topics in Machine Learning,"Introduces various advanced and recent topics in machine learning including supervised and unsupervised learning methods. Central themes include, but are not limited to, analyzing modern large-scale machine learning algorithms toward understanding trade-offs among space, time and the accuracy of such algorithms, performing extensive empirical evaluations to compare various state-of-the-art machine learning algorithms, and critiquing important recent research papers from this field. Specific topics covered in this course vary from semester to semester at the discretion of the instructor. A strong Python programming background is preferred for successful completion of several practical exercises contained in the course.",Graduate,In-person,https://catalog.wichita.edu/graduate/engineering/school-computing/ms-data-science/
Wichita State University,Master of Science in Data Science,Engineering,CS 898CA,Introduction to Intelligent Robotics,"The study of intelligent robotics allows robots to gather information from surrounding environments and take actions autonomously. Course introduces the fundamental principles and methods of manipulation, navigation and perception for intelligent robotics. Topics covered include geometry transformations, kinematics, dynamics, localization, navigation, mapping, motion planning, intelligent processing, smart sensing, decision making and robotic intelligence. Students explore the robot concepts and algorithms, such as dexterous manipulation, simultaneous localization and mapping (SLAM), and autonomy, while working with Nao humanoid robots and Sawyer collaborative robots.",Graduate,In-person,https://catalog.wichita.edu/graduate/engineering/school-computing/ms-data-science/
Wichita State University,Master of Science in Data Science,Engineering,CS 898BA,Image Analysis and Computer Vision,"Image is an essential form of information representation and communication in modern society. Billions of images are generated every minute in a variety of applications ranging from photography, entertainment, education and defense to medical. A good understanding of vast amounts of image content at signal, object, syntactic and semantic levels are essential to create new capabilities and enable new applications. The objective of this course is to teach practical algorithm and system solutions for image representation, analysis/understanding and retrieval. In addition, computer vision techniques for image classification, object detection and semantic segmentation is also discussed.",Graduate,In-person,https://catalog.wichita.edu/graduate/engineering/school-computing/ms-data-science/
Wichita State University,Master of Science in Data Science,Engineering,CS 898AW,Artificial Intelligence for Robotics,"The study of intelligent robotics allows robots to gather information from surrounding environments and take actions autonomously. The course covers advanced topics in artificial intelligence that are commonly used in robotics research, including probabilistic graph models, probabilistic logic learning, natural-language processing and deep learning. State-of-the-art robotics research using these techniques is introduced in the area of scene understanding, reasoning and action planning. Students get hands-on experience in using a Nao humanoid robot and a Sawyer collaborative robot.",Graduate,In-person,https://catalog.wichita.edu/graduate/engineering/school-computing/ms-data-science/
Wichita State University,Master of Science in Data Science,Engineering,CS 898BD,Deep Learning,"Covers concepts of various deep learning algorithms and introduces artificial neural network, multi-layer perceptron, deep neural network, training of deep neural networks, convolutional neural networks, recurrent neural networks, long short-term memory networks, autoencoders, reinforcement learning, and GAN (generative adversarial network).",Graduate,In-person,https://catalog.wichita.edu/graduate/engineering/school-computing/ms-data-science/
Wichita State University,Master of Science in Data Science,Engineering,IME 780AP,Neural Networks and Machine Learning,"Introduces the theory and practical applications of artificial neural networks and machine learning. Covers several network paradigms, emphasizing the use of neural networks as a solution tool for industrial problems which require pattern recognition, predictive and interpretive models, pattern classification, optimization and clustering. Covers machine learning. Presents examples and discusses them from a variety of areas including quality detection, process monitoring, robotics, simulation metamodeling, diagnostic models, combinatorial optimization and machine vision. For students from a variety of disciplines.",Graduate,In-person,https://catalog.wichita.edu/graduate/engineering/school-computing/ms-data-science/
Wichita State University,Master of Science in Mathematical Data Science,Liberal Arts and Sciences,CS 746,Perspectives on Data Science,"Covers the perspectives and fundamentals of data science. Topics include data collection, preprocessing, transformation, exploratory data analysis, visualization, predictive modeling, descriptive modeling, clustering, regression and classification and data science project life cycle. This course is limited to engineering students and students in other colleges majoring in data science/analytics related programs.",Graduate,In-person,https://catalog.wichita.edu/graduate/fairmount-liberal-arts-sciences/mathematics-statistics-physics/mathematics/ms-mathematical-data-science/
Wichita State University,Master of Science in Mathematical Data Science,Liberal Arts and Sciences,CS 770,Machine Learning,"Introductory course on machine learning. Topics include supervised and unsupervised learning, k-nearest neighbor classifiers, decision trees, linear regression, support vector machines, kernel methods, naive Bayes classifier, logistic regression, neural networks, deep learning, k-means clustering, hierarchical clustering, mixture of Gaussians and EM algorithms, linear and non-linear dimension reductions.",Graduate,In-person,https://catalog.wichita.edu/graduate/fairmount-liberal-arts-sciences/mathematics-statistics-physics/mathematics/ms-mathematical-data-science/
Wichita State University,Master of Science in Computer Science,Engineering,CS 898BG,Reinforcement Learning,"Reinforcement learning is an important machine learning paradigm in particular in the context of decision support and decision making, but also in the context of modeling when only limited feedback is available. This course introduces the reinforcement learning paradigm and its underlying formalisms, and covers a wide range of basic and advanced reinforcement learning algorithms as well as aspects of model learning, hierarchy and abstraction, and reward modeling. Throughout, this course studies these techniques in the context of a wide range of application areas, including robotics, computer vision, security, control, scheduling and data analysis.",Graduate,In-person,https://catalog.wichita.edu/graduate/courses/cs/
Wichita State University-Campus of Applied Sciences and Technology,DNE,DNE,DNE,DNE,DNE,DNE,DNE,DNE
Wichita Technical Institute,DNE,DNE,DNE,DNE,DNE,DNE,DNE,DNE
Z Hair Academy,DNE,DNE,DNE,DNE,DNE,DNE,DNE,DNE
