UNITID,INSTNM,IALIAS,ADDR,CITY,STABBR,ZIP,FIPS,OBEREG,CHFNM,CHFTITLE,GENTELE,EIN,UEIS,OPEID,OPEFLAG,WEBADDR,ADMINURL,FAIDURL,APPLURL,NPRICURL,VETURL,ATHURL,DISAURL,SECTOR,ICLEVEL,CONTROL,HLOFFER,UGOFFER,GROFFER,HDEGOFR1,DEGGRANT,HBCU,HOSPITAL,MEDICAL,TRIBAL,LOCALE,OPENPUBL,ACT,NEWID,DEATHYR,CLOSEDAT,CYACTIVE,POSTSEC,PSEFLAG,PSET4FLG,RPTMTH,INSTCAT,C21BASIC,C21IPUG,C21IPGRD,C21UGPRF,C21ENPRF,C21SZSET,C18BASIC,C15BASIC,CCBASIC,CARNEGIE,LANDGRNT,INSTSIZE,F1SYSTYP,F1SYSNAM,F1SYSCOD,CBSA,CBSATYPE,CSA,COUNTYCD,COUNTYNM,CNGDSTCD,LONGITUD,LATITUDE,DFRCGID,DFRCUSCG,Scraped
154688,Baker University,Baker|BU|Baker U,615 Dearborn Street,Baldwin City,KS,66006-0065,20,4,Dr. Lynne Murray,President,7855946451,480543766,LQPQELJDUPP4,190300,1,https://www.bakeru.edu/,https://www.bakeru.edu/apply/,https://www.bakeru.edu/admissions/financial-aid/,https://www.bakeru.edu/apply/,https://www.bakeru.edu/fa-calculator/npcalc.htm,https://www.bakeru.edu/military-benefits/,https://www.bakeru.edu/office-of-institutional-research/,https://www.bakeru.edu/resource/student-academic-success/#access,2,1,2,9,1,1,12,1,2,2,2,2,42,1,A ,-2,-2,-2,1,1,1,1,1,2,17,16,12,11,4,10,17,18,18,21,2,2,2,-2,-2,29940,1,312,20045,Douglas County,2002,-95.187346,38.778712,101,1,True
155070,Barclay College, ,607 N Kingman,Haviland,KS,67059-0288,20,4,Dr. Royce Frazier,President,6208625252,480554341,ENG6QJPSKED5,191700,1,www.barclaycollege.edu/,www.barclaycollege.edu/admissions/,www.barclaycollege.edu/admissions/campus/financial-assistance/,www.barclaycollege.edu/apply/,www.barclaycollege.edu//admissions/campus/financial-assistance/,www.barclaycollege.edu//admissions/campus/financial-assistance/, ,www.barclaycollege.edu/,2,1,2,8,1,1,20,1,2,2,2,2,43,1,A ,-2,-2,-2,1,1,1,1,1,2,22,19,3,15,4,8,24,24,24,32,2,1,2,-2,-2,-2,-2,-2,20097,Kiowa County,2004,-99.105351,37.62012,140,1,False
154712,Benedictine College, ,1020 N 2nd St,Atchison,KS,66002-1499,20,4,Stephen D. Minnis,President,9133675340,480777079, ,1025600,1,www.benedictine.edu/,www.benedictine.edu/apply,www.benedictine.edu/financialaid,https://www.benedictine.edu/admission/apply/applications,www.benedictine.edu/calculator,www.benedictine.edu/admission/financial-aid/scholarships/veterans,www.benedictine.edu/academics/offices/institutional-research-and-assessment/retention-and-graduation-rates,www.benedictine.edu/academics/success/assistance,2,1,2,7,1,1,20,1,2,2,2,2,32,1,A ,-2,-2,-2,1,1,1,1,1,2,22,16,10,12,3,11,22,22,22,22,2,2,2,-2,-2,11860,2,312,20005,Atchison County,2002,-95.113858,39.573079,135,1,False
154721,Bethany College, ,335 E Swensson St,Lindsborg,KS,67456-1897,20,4,Elizabeth K. Mauch,President,7852273380,480543734,MCHHM98PRN95,190400,1,https://www.bethanylb.edu/,https://www.bethanylb.edu/admissions,https://www.bethanylb.edu/financial-aid,https://bethanycollegelb.formstack.com/forms/application,https://www.bethanylb.edu/net-price-calculator, ,https://www.bethanylb.edu/consumer-info,https://www.bethanylb.edu/student-resources,2,1,2,5,1,2,30,1,2,2,2,2,43,1,A ,-2,-2,-2,1,1,1,1,1,2,22,15,0,11,2,8,22,22,22,32,2,1,2,-2,-2,32700,2,-2,20113,McPherson County,2001,-97.67367,38.580598,138,1,False
154749,Bethel College-North Newton, ,300 E 27th St,North Newton,KS,67117-1716,20,4,Jon Gering,President,3162832500,480543782,RRN1GZD5AMX5,190500,1,www.bethelks.edu/,www.bethelks.edu/admissions/,https://www.bethelks.edu/affordability/general-information,www.bethelks.edu/admissions/complete-your-application/,https://www.bethelks.edu/affordability/general-information/npc,www.bethelks.edu/affordability/grants-scholarships/other,https://www.bethelks.edu/sites/default/files/2021-11/SRTK graduation rates 2021.pdf,www.bethelks.edu/academics/services/center-academic-development/ada-services,2,1,2,5,1,2,30,1,2,2,2,2,32,1,A ,-2,-2,-2,1,1,1,1,1,2,22,15,0,11,2,8,22,21,22,32,2,1,2,-2,-2,48620,1,556,20079,Harvey County,2004,-97.343256,38.075169,139,2,False
154855,Central Christian College of Kansas,Central Christian College,1200 S Main,McPherson,KS,67460-5740,20,4,Leonard Favara,President,6202410723331,480577656,WAHBVHTVZD74,190800,1,https://www.centralchristian.edu/,https://www.centralchristian.edu/admissions,https://www.centralchristian.edu/scholarships-tuition/financial-aid,https://www.surveygizmo.com/s3/1656546/Admission-to-Central-Christian-College-of-Kansas,https://www.centralchristian.edu/net-price-calculator/,https://www.centralchristian.edu/militarybenefits,https://www.centralchristian.edu/consumer-information,https://www.centralchristian.edu/academics/briner-academic-center/,2,1,2,7,1,1,20,1,2,2,2,2,33,1,A ,-2,-2,-2,1,1,1,1,3,2,22,15,0,11,2,8,22,22,22,33,2,1,2,-2,-2,32700,2,-2,20113,McPherson County,2001,-97.668597,38.357978,139,1,False
177038,Cleveland University-Kansas City, ,10850 Lowell Avenue,Overland Park,KS,66210,20,4,Carl S Cleveland III,President,9132340600,446000294,NZP2JEBYNBD4,2090700,1,www.cleveland.edu/,www.cleveland.edu/admissions,www.cleveland.edu/admissions/financial-aid-scholarships,https://www.cleveland.edu/admissions/admission-application,www.cleveland.edu/admissions/financial-aid-scholarships/net-price-calculator, , ,https://www.cleveland.edu/campus-life/students-with-disabilities,2,1,2,9,1,1,13,1,2,2,2,2,12,1,A ,-2,-2,-2,1,1,1,1,1,2,26,6,3,5,6,6,26,26,26,53,2,1,2,-2,-2,28140,1,312,20091,Johnson County,2003,-94.679076,38.932019,153,1,False
155007,Donnelly College, ,608 N 18th St,Kansas City,KS,66102,20,4,Msgr. Stuart Swetland,President,9136216000,480623882,C4SMU22SU266,191400,1,www.donnelly.edu/,www.donnelly.edu/admissions,www.donnelly.edu/admissions/aid,https://donn.empower-xl.com/new/EMPOWER/authentication/applicationLogin.xhtml,www.donnelly.edu/admissions/aid/files/netprice/index.htm, , ,https://www.donnelly.edu/explore/files/Documents/6DisabilityServices.pdf,2,1,2,5,1,2,30,1,2,2,2,2,12,1,A ,-2,-2,-2,1,1,1,1,1,3,23,5,0,7,2,6,23,23,23,40,2,1,2,-2,-2,28140,1,312,20209,Wyandotte County,2002,-94.649827,39.112346,194,1,False
155025,Emporia State University,ESU E-State,1 Kellogg Circle,Emporia,KS,66801-5415,20,4,Ken Hush,President,6203411200,486029925,YJ4TTT2CRK67,192700,1,www.emporia.edu/,www.emporia.edu/admissions/,www.emporia.edu/finaid/,www.emporia.edu/admissions/apply,www.emporia.edu/financial-aid/financial-information-consumers/net-price-calculator-tool/,www.emporia.edu/finaid/veterans/,www.emporia.edu/right2know/,www.emporia.edu/academics-majors/academic-services-advising/student-accessibility-support-services/,1,1,1,9,1,1,12,1,2,2,2,2,33,1,A ,-2,-2,-2,1,1,1,1,1,2,18,16,13,11,5,13,18,18,18,21,2,2,1,Kansas State University System,120010,21380,2,-2,20111,Lyon County,2002,-96.179021,38.414784,106,1,False
155061,Fort Hays State University,FHSU,600 Park St,Hays,KS,67601-4099,20,4,Tisa Mason,President,7856284000,481210777, ,191500,1,www.fhsu.edu/,www.fhsu.edu/admissions/,www.fhsu.edu/finaid/,www.fhsu.edu/admissions/admissions-application/,https://www.fhsu.edu/admissions/tuition/calculateexpenses,https://www.fhsu.edu/military/veterans-info/index,fs.ncaa.org/Docs/newmedia/public/rates/index.html,www.fhsu.edu/disability/,1,1,1,9,1,1,13,1,2,2,2,2,33,1,A ,-2,-2,-2,1,1,1,1,1,2,18,16,4,5,4,12,18,18,18,21,2,4,1,Kansas State University System,120010,25700,2,-2,20051,Ellis County,2001,-99.342503,38.872156,104,1,False
155089,Friends University, ,2100 W. University Ave.,Wichita,KS,67213,20,4,Dr. Amy Bragg Carey,President,3162955000,480547702,LRRSZLEFMLG5,191800,1,www.friends.edu/,www.friends.edu/admissions,www.friends.edu/financial-aid,https://www.friends.edu/admissions/apply-to-friends/,friends.studentaidcalculator.com/survey.aspx,www.friends.edu/military, ,www.friends.edu/student-life/facilities-campus/ada-services/,2,1,2,9,1,1,12,1,2,2,2,2,11,1,A ,-2,-2,-2,1,1,1,1,1,2,18,16,7,11,4,10,18,18,18,21,2,2,2,-2,-2,48620,1,556,20173,Sedgwick County,2004,-97.367048,37.678459,112,1,False
155140,Haskell Indian Nations University,Haskell,155 Indian Ave,Lawrence,KS,66046-4800,20,4,Dr. Francis Arpan,President,7857498404,30489646,PW9NHUE1KUY4,1043800,1,www.haskell.edu/,www.haskell.edu/admissions/new-students/,www.haskell.edu/financial-aid/, ,www.haskell.edu/financial-aid/calculator/, ,https://www.haskell.edu/consumer-disclosure/,www.haskell.edu/library/dss/,1,1,1,5,1,2,30,1,2,2,2,1,13,1,A ,-2,-2,-2,1,1,1,1,1,3,33,15,0,13,2,8,33,33,33,60,1,1,2,-2,-2,29940,1,312,20045,Douglas County,2001,-95.232879,38.938834,172,2,False
155177,Hesston College,Hesston,301 South Main,Hesston,KS,67062-2093,20,4,Ross Peterson-Veatch,Interim President,6203274221,480548361,TCXLCR1PH3D8,192000,1,www.hesston.edu/,www.hesston.edu/admissions/,www.hesston.edu/admissions/financial-aid/,www.hesston.edu/admissions/apply/,https://www.hesston.edu/forms/NetPriceCalculator/npcalc.htm,www.hesston.edu/admissions/financial-aid/using-va-benefits/, ,www.hesston.edu/catalog/legal-notices/#nsd,2,1,2,5,1,2,30,1,2,2,2,2,42,1,A ,-2,-2,-2,1,1,1,1,1,3,23,5,0,11,2,8,23,1,9,40,2,1,2,-2,-2,48620,1,556,20079,Harvey County,2004,-97.433883,38.134558,194,1,False
155308,Kansas Christian College, ,7401 Metcalf,Overland Park,KS,66204-1975,20,4,Chad Pollard,President,9137220272,480608889,KE9BRSM6R5G6,2168900,1,https://www.kansaschristian.edu/,https://kansaschristian.edu/admissions-overview/,https://kansaschristian.edu/financial-aid-overview/,https://kansaschristian.edu/apply-to-kcc/,https://kansaschristian.edu/price-calculation.html,https://kansaschristian.edu/kcc-discounts/, ,https://kansaschristian.edu/wp-content/uploads/2018/08/KCC-ADA-Policy-and-Procedure.pdf,2,1,2,7,1,1,20,1,2,2,2,2,12,1,A ,-2,-2,-2,1,1,1,1,1,2,23,5,0,7,2,7,24,24,-2,-2,2,1,2,-2,-2,28140,1,312,20091,Johnson County,2003,-94.666878,38.994848,141,1,False
497693,Kansas Health Science Center, ,217 E. Douglas Ave,Wichita,KS,67202,20,4,Tiffany Masson,Chief Executive Officer of KHS,3168663482,825178988,TD5TWYLNSZM7,4300700,1,https://kansascom.kansashsc.org/,https://kansascom.kansashsc.org/admissions/,https://kansascom.kansashsc.org/admissions/financial-aid/,https://kansascom.kansashsc.org/admissions/application-process/,https://kansascom.kansashsc.org/admissions/financial-aid/,https://kansascom.kansashsc.org/admissions/financial-aid/scholarships/, ,https://kansascom.kansashsc.org/admissions/financial-aid/,2,1,2,9,2,1,13,1,2,2,1,2,11,1,A ,-2,-2,-2,1,1,1,1,1,1,-2,-2,-2,-2,-2,-2,-2,-2,-2,-2,2,1,2,-2,-2,48620,1,556,20173,Sedgwick County,2004,-97.33594,37.685373,171,2,False
155399,Kansas State University,K-State,"919 Mid-Campus Drive, Anderson Hall",Manhattan,KS,66506,20,4,Richard Linton,President,7855326011,480771751,CFMMM5JM7HJ9| JBBJF1KT9JK3,192800,1,www.k-state.edu/,www.k-state.edu/admissions/,www.k-state.edu/sfa,https://www.k-state.edu/admissions/apply/,www.k-state.edu/sfa/cost/net-price-calculator/,www.k-state.edu/veteran/,https://www.k-state.edu/disclosures/athletics.html,www.k-state.edu/accesscenter/,1,1,1,9,1,1,11,1,2,2,1,2,13,1,A ,-2,-2,-2,1,1,1,1,1,2,15,17,14,11,4,16,15,15,16,15,1,4,1,Kansas State University System,120010,31740,1,-2,20161,Riley County,2001,-96.581077,39.188648,91,1,False
155414,Kansas Wesleyan University, ,100 E. Claflin Ave.,Salina,KS,67401-6146,20,4,Matt Thompson,President and CEO,7858275541,480543729,K3Y1CZGTWPY6,192900,1,www.kwu.edu/,www.kwu.edu/admissions,www.kwu.edu/future-students/tuition-fees/financial-aid,https://kwes.acck.edu/ICS/Students/Apply_Today.jnz,www.kwu.edu/admissions/net-price-calculator,www.kwu.edu/,www.kwu.edu/about/consumer-information/,www.kwu.edu/student-services-and-information-for/learn-more-about,2,1,2,7,1,1,20,1,2,2,2,2,33,1,A ,-2,-2,-2,1,1,1,1,1,2,22,16,2,13,3,8,22,22,22,32,2,1,2,-2,-2,41460,2,-2,20169,Saline County,2001,-97.607973,38.813795,137,2,False
155496,Manhattan Christian College,MCC,1415 Anderson Ave,Manhattan,KS,66502-4801,20,4,Kevin Ingram,President,7855393571,480559090, ,193100,1,www.mccks.edu/,mccks.edu/admissions/,mccks.edu/campus-life/paying-for-college/financial-assistance/,mccks.edu/admissions/apply/,mccks.edu/npcalc.htm,mccks.edu/campus-life/paying-for-college/veterans-affairs/, ,mccks.edu/academics/academic-resources/,2,1,2,5,1,2,30,1,2,2,2,2,13,1,A ,-2,-2,-2,1,1,1,1,1,2,24,18,0,6,2,7,24,24,24,51,2,1,2,-2,-2,31740,1,-2,20161,Riley County,2001,-96.579383,39.184806,142,2,False
155511,McPherson College, ,1600 E. Euclid,McPherson,KS,67460-1402,20,4,Michael Schneider,President,6202420400,480543736,PMNRJHMBZZX1,193300,1,www.mcpherson.edu/,www.mcpherson.edu/admissions/,www.mcpherson.edu/admissions/financial-aid/,https://recruit.mcpherson.edu/apply/,www.mcpherson.edu/admissions/financial-aid/net-price-calculator/, ,www.mcpherson.edu/students/student-right-to-know/,https://www.mcpherson.edu/academics/academic-disability-services/,2,1,2,7,1,1,20,1,2,2,2,2,33,1,A ,-2,-2,-2,1,1,1,1,1,2,22,15,1,15,3,8,22,22,22,32,2,1,2,-2,-2,32700,2,-2,20113,McPherson County,2001,-97.642996,38.371422,137,1,False
155520,MidAmerica Nazarene University,MidAmerica Nazarene College,2030 E College Way,Olathe,KS,66062-1899,20,4,David J. Spittal,President,9137823750,480730814,FYNBDWDMRZ44,703200,1,https://www.mnu.edu/,https://www.mnu.edu/undergraduate-admissions/,https://www.mnu.edu/undergraduate-financial-aid/,https://www.mnu.edu/apply,https://www.mnu.edu/undergraduate-financial-aid/net-price-calculator/,https://www.mnu.edu/graduate-financial-aid/graduate-financial-aid-discounts/graduate-financial-aid-military-education-discount/,https://www.mnu.edu/wp-content/uploads/2022/08/SRTK-Tables-Fall-2021.pdf,https://www.mnu.edu/mabee-learning-commons/student-development/disability-accommodations/,2,1,2,8,1,1,20,1,2,2,2,2,21,1,A ,-2,-2,-2,1,1,1,1,1,2,19,19,10,13,4,11,19,19,19,22,2,2,2,-2,-2,28140,1,312,20091,Johnson County,2003,-94.781526,38.875244,118,1,False
155335,Newman University, ,3100 McCormick Ave,Wichita,KS,67213-2097,20,4,Kathleen S. Jagger,President,3169424291,480556716,D1WCJLJDLLG1,193900,1,www.newmanu.edu/,newmanu.edu/admissions,www.newmanu.edu/attend-nu/financial-aid,newmanu.edu/admissions/apply-to-newman,newmanu.edu/admissions/financial-aid/net-price-calculator, , ,newmanu.edu/campus-life/runway-learning-center/disability-services,2,1,2,9,1,1,11,1,2,2,2,2,11,1,A ,-2,-2,-2,1,1,1,1,1,2,19,16,11,11,5,10,18,19,18,22,2,2,2,-2,-2,48620,1,556,20173,Sedgwick County,2004,-97.37768,37.672643,117,2,False
155636,Ottawa University-Kansas City,Ottawa University - Overland Park,4370 W. 109th Street Suite 200,Overland Park,KS,66211,20,4,Nancy Wingert,Executive Vice President of OU Online,9137013773,480543772, ,193702,1,www.ottawa.edu/,www.ottawa.edu/online-and-evening/admissions/overview,www.ottawa.edu/online-and-evening/tuition-and-financial-aid/financial-aid,www.ottawa.edu/online-and-evening/apply-now,www.ottawa.edu/online-and-evening/tuition-and-financial-aid/financial-aid/graduate-cost-estimator?campus=overland-park-ks,https://www.ottawa.edu/militaryveteraninfo/tuitonandfees, ,www.ottawa.edu/disability-services,2,1,2,8,1,1,20,1,2,-2,2,2,12,1,A ,-2,-2,-2,1,1,1,1,1,2,20,19,11,5,5,6,22,22,22,-2,2,1,2,-2,-2,28140,1,312,20091,Johnson County,2003,-94.635461,38.932055,124,2,False
454582,Ottawa University-Online,OU Online,"4370 West 109th  Street, Suite 200",Overland Park,KS,66211,20,4,Nancy Wingert,Executive Vice President of OU Online,9137013773,480543772,C1ETUFNCZBL7,193700,2,www.ottawa.edu/,www.ottawa.edu/online-and-evening/admissions/admissions-process,https://www.ottawa.edu/online-and-evening/tuition-and-financial-aid/financial-aid,www.ottawa.edu/online-and-evening/apply-now,www.ottawa.edu/online-and-evening/tuition-and-financial-aid/financial-aid/undergraduate-cost-estimator,https://www.ottawa.edu/militaryveteraninfo/tuitonandfees, ,www.ottawa.edu/footer/disability-services,2,1,2,8,1,1,20,1,2,-2,2,2,12,1,A ,-2,-2,-2,1,1,1,1,1,2,22,16,10,5,5,6,22,22,22,-2,2,1,2,-2,-2,28140,1,312,20091,Johnson County,2003,-94.635461,38.932055,137,2,False
155627,Ottawa University-Ottawa,OUKS - Ottawa,1001 South Cedar,Ottawa,KS,66067-3399,20,4,Dr. Reggies Wenyika,Campus President,7852425200,480543772,C1ETUFNCZBL7,193700,1,www.ottawa.edu/,www.ottawa.edu/ouks/admissions/overview,www.ottawa.edu/ouks/admissions/financial-aid,https://www.ottawa.edu/apply-now,www.ottawa.edu/ouks/admissions/financial-aid/cost-estimator,https://www.ottawa.edu/militaryveteraninfo/tuitonandfees,https://myottawa.ottawa.edu/ics/Resources/Student_Consumer_Information,www.ottawa.edu/footer/disability-services,2,1,2,9,1,1,12,1,2,2,2,2,32,1,A ,-2,-2,-2,1,1,1,1,1,2,22,19,10,11,3,8,22,22,22,32,2,2,2,-2,-2,36840,2,312,20059,Franklin County,2003,-95.264187,38.603173,137,2,False
155681,Pittsburg State University,Pitt State,1701 S Broadway,Pittsburg,KS,66762,20,4,Dan Shipp,President,6202317000,486119268,CFNFM43624X3,192600,1,https://www.pittstate.edu/,https://www.pittstate.edu/admissions.html,https://www.pittstate.edu/financial-aid/index.html,https://www.pittstate.edu/apply.html,https://www.pittstate.edu/financial-aid/npc/index.html,https://www.pittstate.edu/office/veterans/,pittstategorillas.com/sports/2013/8/20/GEN_0820135941.aspx,www.pittstate.edu/office/center-for-student-accommodations/,1,1,1,9,1,1,13,1,2,2,2,2,32,1,A ,-2,-2,-2,1,1,1,1,1,2,18,16,4,11,4,13,18,18,18,21,2,3,1,Kansas State University System,120010,38260,2,-2,20037,Crawford County,2002,-94.702473,37.392071,106,1,False
480657,Rasmussen University-Kansas, ,3722 SW Burlingame Road,Topeka,KS,66609,20,4,Paula Singer,President & Chief Academic Officer,7852287320,200390754,MHNVB36DJHS6,869424,1,https://rasmussen.edu/,https://rasmussen.edu/,https://www.rasmussen.edu/tuition/,https://rasmussen.edu/,https://npc.collegeboard.org/app/rasmussen,https://www.rasmussen.edu/tuition/military-benefits/, ,https://www.rasmussen.edu/student-life/disability-services/,3,1,3,5,1,2,30,1,2,2,2,2,12,1,A ,-2,-2,-2,1,1,1,1,1,3,23,5,3,5,3,6,14,-2,-2,-2,2,1,1,Rasmussen College LLC,303910,45820,1,-2,20177,Shawnee County,2002,-95.704151,38.998726,195,2,False
179317,Saint Paul School of Theology, ,13720 Roe Avenue,Leawood,KS,66224,20,4,Jay Simmons,President,9132535000,440624810,CNK5JD4SLK98,250900,1,www.spst.edu/,www.spst.edu/why-saint-paul,www.spst.edu/financial-aid,https://www.spst.edu/apply-now/,https://spst.edu/tuition-and-fees/, , ,www.spst.edu/student-services,2,1,2,9,2,1,14,1,2,2,2,2,21,1,A ,-2,-2,-2,1,1,1,1,1,1,24,0,3,0,7,18,24,24,24,51,2,1,2,-2,-2,28140,1,312,20091,Johnson County,2003,-94.641277,38.880458,148,1,False
155900,Southwestern College,SC,100 College Street,Winfield,KS,67156-2499,20,4,Liz Frombgen,President,6202296000,480543715,SJKCR9F9GS15,194000,1,https://www.sckans.edu/,https://www.sckans.edu/admissions/,https://www.sckans.edu/student-services/financial-aid/,https://www.sckans.edu/admissions/apply-now/,https://www.sckans.edu/other/net-price-calculator/,https://ps.sckans.edu/military,https://www.sckans.edu/other/consumer-information,https://www.sckans.edu/student-services/student-success-and-retention/disability-services/,2,1,2,9,1,1,12,1,2,2,2,2,32,1,A ,-2,-2,-2,1,1,1,1,1,2,22,19,12,5,3,7,19,19,19,32,2,2,2,-2,-2,11680,2,556,20035,Cowley County,2004,-96.975405,37.248608,137,2,False
155937,Sterling College,SC,125 W. Cooper,Sterling,KS,67579,20,4,Scott Rich,President,6202782173,480543728,QNJ5EJTN33F6,194500,1,www.sterling.edu/,www.sterling.edu/admissions,www.sterling.edu/financial-aid,https://www.sterling.edu/admissions/apply-today,www.sterling.edu/admissions/tuition-expenses,www.sterling.edu/financial-aid/military,https://www.sterling.edu/financial-aid/consumerism-at-a-glance,www.sterling.edu/academics/disability-services,2,1,2,7,1,1,20,1,2,2,2,2,43,1,A ,-2,-2,-2,1,1,1,1,1,2,22,16,11,11,3,8,22,22,22,32,2,1,2,-2,-2,-2,-2,-2,20159,Rice County,2001,-98.208644,38.219937,139,2,False
155973,Tabor College,Tabor|TC,400 S Jefferson,Hillsboro,KS,67063-1799,20,4,Dr. David Janzen,President,6209473121,480556726,M7786WELTAA4,194600,1,tabor.edu/,tabor.edu/undergraduate/,tabor.edu/undergraduate/financial-aid/,https://tabor.edu/undergraduate/apply/,tabor.edu/wp-content/npcalc/npcalc.htm,tabor.edu/undergraduate/financial-aid/veteransdependents-benefits/,tabor.edu/consumer-information-disclosure/,tabor.edu/undergraduate/student-life/student-success/,2,1,2,7,1,1,20,1,2,2,2,2,43,1,A ,-2,-2,-2,1,1,1,1,1,2,22,16,10,11,3,8,22,22,22,32,2,1,2,-2,-2,-2,-2,-2,20115,Marion County,2002,-97.199773,38.34858,138,1,False
155317,University of Kansas,"University of Kansas | Univ of Kansas | Kansas University | KU | Kansas Jayhawks | Univ of KS |University of KS | Kansas Univ | Kansas U, KUMC, University of Kansas Medical Center, KU Medical Center, Kansas University Medical Center","Strong Hall, 1450 Jayhawk Blvd, Room 230",Lawrence,KS,66045,20,4,Douglas A. Girod,Chancellor,7858642700,481124839,WGK8J9FEKW65,194800,1,https://ku.edu/,https://admissions.ku.edu/,financialaid.ku.edu/,https://admissions.ku.edu/apply,https://admissions.ku.edu/afford/,veterans.ku.edu/,aire.ku.edu/ku-fact-book/,access.ku.edu/,1,1,1,9,1,1,11,1,2,2,1,2,13,1,A ,-2,-2,-2,1,1,1,1,1,2,15,14,14,12,5,16,15,15,15,15,2,5,1,Kansas State University System,120010,29940,1,312,20045,Douglas County,2001,-95.247567,38.958549,91,1,False
155812,University of Saint Mary,"University of St. Mary, University of St Mary",4100 S 4th St,Leavenworth,KS,66048-5082,20,4,"Diane Steele, SCL, Ph.D.",President,9136825151,480547846,FTYLWMXBJ9H1,194300,1,www.stmary.edu/,www.stmary.edu/admissions.aspx,www.stmary.edu/Admissions/Financial-Aid.aspx,https://espire.stmary.edu/ICS/Admissions/Admission_Application.jnz,www.stmary.edu/Admissions/Net-Price-Calculator.aspx,www.stmary.edu/Admissions/Veterans-Active-Duty/Withdrawal-Info.aspx,https://www.stmary.edu/consumer-info,www.stmary.edu/Student-Handbook/Persons-with-disabilities.aspx,2,1,2,9,1,1,11,1,2,2,2,2,31,1,A ,-2,-2,-2,1,1,1,1,1,2,19,13,10,11,5,10,19,19,19,21,2,2,2,-2,-2,28140,1,312,20103,Leavenworth County,2002,-94.906743,39.279396,118,1,False
156082,Washburn University, ,1700 SW College Avenue,Topeka,KS,66621,20,4,JuliAnn Mazachek,President,7856701010,486030115,N3ULCQLVFB48,194900,1,www.washburn.edu/,www.washburn.edu/admissions,www.washburn.edu/admissions/paying-for-college/financial-aid,www.washburn.edu/admissions/apply.html,https://www3-prod.washburn.edu/net_price_calc/index.php,www.washburn.edu/student-life/military/military-veteran-education-benefits.html,www.washburn.edu/admissions/paying-for-college/financial-aid/Files/Non AY Specific Files/Graduation-Rates-for-Student-Athletes.pdf,www.washburn.edu/studentaccessibility,1,1,1,9,1,1,13,1,2,2,2,2,12,1,A ,-2,-2,-2,1,1,1,1,1,2,19,16,8,7,4,12,17,19,19,21,2,3,2,-2,-2,45820,1,-2,20177,Shawnee County,2002,-95.702222,39.033778,114,1,False
156125,Wichita State University,WSU,1845 N. Fairmount,Wichita,KS,67260-0124,20,4,Richard Muma,President,3169783456,486029925,JKKNZLNYLJ19,195000,1,www.wichita.edu/,https://www.wichita.edu/admissions/index.php,www.wichita.edu/thisis/home/?u=finaid_home,https://wsu-info.org/go/split.htm,webapps.wichita.edu/netprice/,www.wichita.edu/thisis/home/?u=veteransupwardbound, ,www.wichita.edu/thisis/home/?u=disserv,1,1,1,9,1,1,11,1,2,2,2,2,11,1,A ,-2,-2,-2,1,1,1,1,1,2,16,17,17,9,4,15,16,16,16,16,2,4,1,Kansas State University System,120010,48620,1,556,20173,Sedgwick County,2004,-97.292361,37.718882,94,1,False
154642,Allen County Community College,Allen Community College,1801 N Cottonwood,Iola,KS,66749,20,4,Dr. Bruce Moses,President,6203655116100,480697480, ,190100,1,https://www.allencc.edu/,https://www.allencc.edu/admissions-financial-aid/admissions,https://www.allencc.edu/paying-for-college/financial-aid,www.allencc.edu/admissions-financial-aid/admissions,web.allencc.edu/portal/NetPriceCalc/index.html, , ,https://www.allencc.edu/resources/accommodations,4,2,1,3,1,2,40,1,2,-2,2,2,33,1,A ,-2,-2,-2,1,1,1,1,1,4,3,1,0,2,1,2,2,8,2,40,2,2,2,-2,-2,-2,-2,-2,20001,Allen County,2002,-95.396377,37.938038,66,1,False
154697,Barton County Community College,Barton Community College,245 NE 30th Road,Great Bend,KS,67530,20,4,Carl Heilman,President,6207922701,480720175,MEBMCTQL2CS3,460800,1,https://www.bartonccc.edu/,https://bartonccc.edu/admission,https://bartonccc.edu/financialaid/office,https://www.bartonccc.edu/admission/apply,https://bartonccc.edu/financialaid/studentconsumerinfo/netpricecalc,https://bartonccc.edu/supportservices/militaryresources,bartonccc.edu/institutional-effectiveness/athlete-grad-rates,bartonccc.edu/supportservices/disabilityservices,4,2,1,3,1,2,40,1,2,-2,2,2,41,1,A ,-2,-2,-2,1,1,1,1,1,4,3,1,0,1,1,3,3,6,3,40,2,2,2,-2,-2,24460,2,-2,20009,Barton County,2001,-98.731648,38.403529,65,1,False
154800,Butler Community College,Butler CC,901 S Haverhill Rd,El Dorado,KS,67042-3280,20,4,Dr. Kim Krull,President,3163212222,480690383,GJF4DFKL5RY6,190600,1,www.butlercc.edu/,www.butlercc.edu/admissions,www.butlercc.edu/financial-aid,https://www.butlercc.edu/downloads/file/755/application-for-admissions,www.butlercc.edu/info/20041/financial-aid--and--scholarships/205/net-price-calculator,https://www.butlercc.edu/veterans-benefits,www.butlercc.edu/info/201162/research--and--institutional-effectiveness/590/student-right-to-know-data,www.butlercc.edu/info/201133/disability-services,4,2,1,4,1,2,40,1,2,-2,2,2,32,1,A ,-2,-2,-2,1,1,1,1,1,4,1,1,0,2,1,3,1,2,5,40,2,3,2,-2,-2,48620,1,556,20015,Butler County,2004,-96.882987,37.806699,59,1,False
154907,Cloud County Community College, ,2221 Campus Dr,Concordia,KS,66901-1002,20,4,Amber Knoettgen,President,7852431435,480732624,FNVFGRJUS8J4,190900,1,https://www.cloud.edu/,https://www.cloud.edu/Admissions/Admissions,https://www.cloud.edu/Students/financialaid,https://icloud.cloud.edu/ics/Admissions,https://www.cloud.edu/Admissions/Covering-the-Cost/Cost-Calculator/index,www.cloud.edu/Admissions/Covering-the-Cost/index, ,https://www.cloud.edu/Academics/Advising/Disability-Services,4,2,1,3,1,2,40,1,2,-2,2,2,41,1,A ,-2,-2,-2,1,1,1,1,1,4,6,2,0,2,1,2,3,9,2,40,2,2,2,-2,-2,-2,-2,-2,20029,Cloud County,2001,-97.664147,39.554199,75,2,False
154925,Coffeyville Community College, ,400 W 11th St,Coffeyville,KS,67337-5064,20,4,Marlon Thornburg,President,6202517700,480698570,CSJ2N65A9GB1,191000,1,www.coffeyville.edu/,www.coffeyville.edu/student-services/admissions,www.coffeyville.edu/student-services/financial-aid,www.coffeyville.edu/student-services/admissions/application-for-admission/,https://access.coffeyville.edu/netprice/npcalc.htm,www.coffeyville.edu/finaid/Veterans-Services.cfm, ,www.coffeyville.edu/academics/college-catalog/services-and-activities,4,2,1,3,1,2,40,1,2,-2,2,2,33,1,A ,-2,-2,-2,1,1,1,1,1,4,1,1,0,3,1,2,3,9,1,40,2,2,2,-2,-2,-2,-2,-2,20125,Montgomery County,2002,-95.621374,37.033814,60,2,False
154934,Colby Community College, ,1255 S Range,Colby,KS,67701,20,4,Seth Carter,President,7854623984,480698000,EDLDS1G1D1V7,191100,1,www.colbycc.edu/,www.colbycc.edu/admissions/index,www.colbycc.edu/students/financial-aid/index,https://www.colbycc.edu/apply-now/,nces.ed.gov/ipeds/netpricecalculator/,www.colbycc.edu/students/financial-aid/veterans/index,www.colbycc.edu/about/student-consumer-information/index,www.colbycc.edu/students/current-students/disability-services/index,4,2,1,3,1,2,40,1,2,-2,2,2,33,1,A ,-2,-2,-2,1,1,1,1,1,4,6,2,0,2,1,2,6,5,2,40,2,2,2,-2,-2,-2,-2,-2,20193,Thomas County,2001,-101.052744,39.377601,75,2,False
154952,Cowley County Community College,Cowley College,125 S 2nd St,Arkansas City,KS,67005,20,4,Dr. Michelle Schoon,Interim President,6204420430,480720889,R43AKK3VFX83,190200,1,www.cowley.edu/,cowley.edu/apply-and-pay/get-in-touch/index.html,www.cowley.edu/apply-and-pay/financial-aid/index.html,www.cowley.edu/apply-and-pay/index.html,https://www.cowley.edu/finaid/calc/index.html,cowley.edu/apply-and-pay/how-to-apply/military/dependents/index.html,cowley.edu/apply-and-pay/financial-aid/right-to-know/index.html,cowley.edu/life-at-cowley/campus-support/student-accessibility/index.html,4,2,1,3,1,2,40,1,2,-2,2,2,32,1,A ,-2,-2,-2,1,1,1,1,1,4,6,2,0,2,1,2,1,2,2,40,2,2,2,-2,-2,11680,2,556,20035,Cowley County,2004,-97.043075,37.061668,74,1,False
154998,Dodge City Community College, ,2501 N 14th Ave,Dodge City,KS,67801-2399,20,4,Dr. Harold Nolte,President,6202251321,521718586,ZQ8JLQ5SPB38,191300,1,https://dc3.edu/,https://dc3.edu/admissions/,https://dc3.edu/admissions/financial-aid-scholarships/,https://conqs.dc3.edu/ICS/Admissions/,https://dc3.edu/about/disclosures/net-price-calculator/,https://dc3.edu/admissions/financial-aid-scholarships/financial-aid-info/, ,https://dc3.edu/policies/accommodations-for-students-with-disabilities/,4,2,1,3,1,2,40,1,2,-2,2,2,33,1,A ,-2,-2,-2,1,1,1,1,1,4,5,2,0,2,1,2,6,6,2,40,2,2,2,-2,-2,19980,2,-2,20057,Ford County,2001,-100.037481,37.776891,72,1,False
155052,Flint Hills Technical College, ,3301 W 18th St,Emporia,KS,66801-5957,20,4,Dr. Caron Daugherty,President,62034346001300,522441491,J1WTKHPS3623,526400,1,www.fhtc.edu/,https://www.fhtc.edu/admissions/,https://www.fhtc.edu/admissions/paying-for-your-education/financial-aid/,https://my.fhtc.edu/ICS/Admissions/Admissions_Homepage.jnz?portlet,https://www.fhtc.edu/net-price-calculator/npcalc.html,https://www.fhtc.edu/admissions/resources/veterans-education-services/, ,www.fhtc.edu/admissions/resources/disability-services/,4,2,1,3,1,2,40,1,2,-2,2,2,33,1,A ,-2,-2,-2,1,1,1,1,1,4,9,3,0,1,1,2,9,8,1,-2,2,2,2,-2,-2,21380,2,-2,20111,Lyon County,2002,-96.224141,38.41888,84,2,False
155098,Fort Scott Community College,FSCC|Fort Scott JuCo|Ft. Scott Community College|Fort Scott Junior College|Ft. Scott Jr. College|Ft. Scott Junior College|FSJC,2108 S Horton,Fort Scott,KS,66701,20,4,Jason Kegler,President,6202232700,480723448,CHKNBXENN815,191600,1,www.fortscott.edu/,www.fortscott.edu/admissions,www.fortscott.edu/FinancialAid,https://fsccax.fortscott.edu/application.html,www.fortscott.edu/NetPriceCalculator,fortscott.edu/vabenefits, ,fortscott.edu/disabilityservices,4,2,1,3,1,2,40,1,2,-2,2,2,33,1,A ,-2,-2,-2,1,1,1,1,1,4,5,2,0,2,1,2,6,9,2,40,2,2,2,-2,-2,-2,-2,-2,20011,Bourbon County,2002,-94.715334,37.816206,72,1,False
499291,Galen Health Institutes-Wichita, ,"551 N. Hillside Street, Suite 410",Wichita,KS,67214-4923,20,4,Audria Denker,Interim Associate Dean,8772237040,611140524, ,3083717,1,https://galencollege.edu/campuses/wichita, , ,https://apply.galencollege.edu/,https://galencollege.studentaidcalculator.com/welcome.aspx, , ,https://galencollege.edu/accommodations/,6,2,3,3,1,2,40,1,2,-2,2,2,11,1,N ,-2,-2,-2,1,1,1,1,1,4,-2,-2,-2,-2,-2,-2,-2,-2,-2,-2,2,1,2,-2,-2,48620,1,556,20173,Sedgwick County,2004,-97.299612,37.696007,221,2,False
155104,Garden City Community College, ,801 Campus Dr,Garden City,KS,67846-6333,20,4,Dr. Ryan Ruda,President,6202767611571,480698107,PCBNFWKPAGU5,191900,1,www.gcccks.edu/,www.gcccks.edu/Admissions/default.aspx,www.gcccks.edu/tuition_cost/tuition_fees_payment.aspx,www.gcccks.edu/admissions/admission_app_landing.aspx,https://www.gcccks.edu/about_gccc/net_price_calculator.html,www.gcccks.edu/about_gccc/veteran_military_services/default.aspx,www.gcccks.edu/_resources/pdf/consumerinfo/eada_equityinathletics_2017.pdf,www.gcccks.edu/about_gccc/accommodation.aspx,4,2,1,3,1,2,40,1,2,-2,2,2,33,1,A ,-2,-2,-2,1,1,1,1,1,4,1,1,0,2,1,2,6,5,2,40,2,2,2,-2,-2,23780,2,-2,20055,Finney County,2001,-100.84916,37.970514,60,1,False
155186,Highland Community College, ,606 W Main,Highland,KS,66035-4165,20,4,Deborah Fox,President,7854426000,486025822, ,192100,1,www.highlandcc.edu/,https://highlandcc.edu/pages/admissions,https://highlandcc.edu/pages/financial-aid,https://myhcc.highlandcc.edu/SelfService/Admissions/Applications,https://highlandcc.edu/pages/net-price-calculator,highlandcc.edu/pages/va-benefits, ,highlandcc.edu/pages/disability-services,4,2,1,4,1,2,40,1,2,-2,2,2,42,1,A ,-2,-2,-2,1,1,1,1,1,4,6,2,0,1,1,2,3,9,2,40,2,2,2,-2,-2,41140,1,312,20043,Doniphan County,2002,-95.271539,39.859987,74,2,False
155195,Hutchinson Community College, ,1300 N Plum St,Hutchinson,KS,67501,20,4,Dr. Carter File,President,6206653500,480697529,XB14JX1ZNYA1,192300,1,www.hutchcc.edu/,www.hutchcc.edu/admissions,www.hutchcc.edu/financial-aid/,www.hutchcc.edu/apply,www.hutchcc.edu/cost-and-fees,www.hutchcc.edu/veterans,www.hutchcc.edu/consumer-information,www.hutchcc.edu/accessibility,4,2,1,3,1,2,40,1,2,-2,2,2,32,1,A ,-2,-2,-2,1,1,1,1,1,4,6,2,0,1,1,3,6,6,3,40,2,2,2,-2,-2,26740,2,-2,20155,Reno County,2001,-97.92135,38.068035,73,1,False
155201,Independence Community College, ,1057 West College Avenue,Independence,KS,67301-0708,20,4,Vincent Bowhay,President,6203314100,480720287,YSKLFUTFSEV4,192400,1,www.indycc.edu/,www.indycc.edu/admissions/index,www.indycc.edu/financial-aid/index,selfservice.indycc.edu/SelfService/Admissions/ApplicationSelectEnabledForm.aspx,www.indycc.edu/financial-aid/files/net price calculator/npc21-22.html,https://www.indycc.edu/financial-aid/veterans,www.indycc.edu/student-life/right-to-know,www.indycc.edu/learning/accessibility/index,4,2,1,3,1,2,40,1,2,-2,2,2,41,1,A ,-2,-2,-2,1,1,1,1,1,4,2,1,0,2,1,2,3,9,1,40,2,1,2,-2,-2,-2,-2,-2,20125,Montgomery County,2002,-95.720518,37.195614,63,2,False
155210,Johnson County Community College,JCCC,12345 College Blvd,Overland Park,KS,66210-1299,20,4,Andy Bowne,President,9134698500,480735009,YN5NTW6L5DL9,824400,1,www.jccc.edu/,www.jccc.edu/admissions/,www.jccc.edu/admissions/financial-aid,www.jccc.edu/admissions/apply/,www.jccc.edu/admissions/financial-aid/net-price-calculator/npcalc-050318.htm,www.jccc.edu/student-resources/veterans/,www.jccc.edu/about/leadership-governance/administration/institutional-effectiveness-branch/files/student-outcomes.pdf,www.jccc.edu/student-resources/access-services/,4,2,1,3,1,2,40,1,2,-2,2,2,12,1,A ,-2,-2,-2,1,1,1,1,1,4,3,1,0,1,1,4,3,6,4,40,2,4,2,-2,-2,28140,1,312,20091,Johnson County,2003,-94.727798,38.924125,64,1,False
155292,Kansas City Kansas Community College, ,7250 State Ave,Kansas City,KS,66112,20,4,Greg Mosier,President,9133341100,480697720,HH1NHCVMLGN7,192500,1,www.kckcc.edu/,www.kckcc.edu/admissions,www.kckcc.edu/admissions/financial-aid/index.html,www.kckcc.edu/Apply,www.kckcc.edu/admissions/financial-aid/netprice/npcalc.htm,www.kckcc.edu/admissions/veterans-military/index.html, ,www.kckcc.edu/academics/resources/student-accessibility-support-services/index.html,4,2,1,3,1,2,40,1,2,-2,2,2,12,1,A ,-2,-2,-2,1,1,1,1,1,4,8,3,0,1,1,3,5,8,6,40,2,2,2,-2,-2,28140,1,312,20209,Wyandotte County,2002,-94.748061,39.121911,79,2,False
155450,Labette Community College, ,200 S 14th,Parsons,KS,67357-4201,20,4,Dr. Mark Watkins,President,6204216700,480698218,WDLAC66PNC86,193000,1,www.labette.edu/,www.labette.edu/admissions/index.html,www.labette.edu/financialaid/index.html,redzone.labette.edu/ICS/Admissions/Admission_Information.jnz?portlet=Apply_Online_2.0&screen=Begin%2f%2fb79d05f0-81c7-471e-bfff-582b8409e7e2&sc,www.labette.edu/financialaid/netprice/index.html,www.labette.edu/mcss/index.html,www.labette.edu/about/consumer-information.html,https://www.labette.edu/ssc/accommodations.html,4,2,1,3,1,2,40,1,2,-2,2,2,33,1,A ,-2,-2,-2,1,1,1,1,1,4,5,2,0,1,1,2,8,6,2,40,2,2,2,-2,-2,-2,-2,-2,20099,Labette County,2002,-95.255368,37.339062,72,2,False
155487,Manhattan Area Technical College,MATC,3136 Dickens Ave,Manhattan,KS,66503-2499,20,4,James D. Genandt,President/CEO,7855872800,830393371,DNPYDW8K4TP7,550000,1,https://manhattantech.edu/,https://manhattantech.edu/admissions,https://manhattantech.edu/paying-for-manhattan-tech/financial-aid,https://matconline.matc.net/ICS/Admissions_(revised)/Admission_Applications.jnz,https://manhattantech.edu/net-price-calculator, , ,https://manhattantech.edu/student-resources/requesting-student-accommodations,4,2,1,3,1,2,40,1,2,-2,2,2,13,1,A ,-2,-2,-2,1,1,1,1,1,4,9,3,0,1,1,1,9,9,1,-2,2,1,2,-2,-2,31740,1,-2,20161,Riley County,2001,-96.615672,39.197774,84,1,False
155566,Neosho County Community College, ,800 W 14th St,Chanute,KS,66720,20,4,Dr. Brian Inbody,President,6204312820,480698341,RTK3Q5NTGZ25,193600,1,www.neosho.edu/,https://www.neosho.edu/Prospective-Students,https://www.neosho.edu/Prospective-Students/Financial-Aid,https://web.neosho.edu/ICS/Admissions/Admissions_Application.jnz?portlet=EX_FormFlow_-_Forms&screen=FormView&form=43b4e1fd-554e-4808-afcd-da67ffa253ad,https://www.neosho.edu/Portals/0/netpricecalculator/npcalc.htm,https://www.neosho.edu/ProspectiveStudents/Admissions/Veterans.aspx, ,https://www.neosho.edu/Academics-and-Services/Academic-Services/Accommodations-Disabilities,4,2,1,3,1,2,40,1,2,-2,2,2,33,1,A ,-2,-2,-2,1,1,1,1,1,4,8,3,0,1,1,2,9,9,2,40,2,2,2,-2,-2,-2,-2,-2,20133,Neosho County,2002,-95.464976,37.670672,81,1,False
155593,North Central Kansas Technical College, ,3033 US Highway 24,Beloit,KS,67420,20,4,Eric Burks,President,7857382276,480691131,R2CUAEFTQCN5,526500,1,www.ncktc.edu/,www.ncktc.edu/,www.ncktc.edu/financial-aid/,www.ncktc.edu/apply/,https://ncktc.edu/financial-aid/net-price-calculator, , ,www.ncktc.edu/disability-services/,4,2,1,3,1,2,40,1,2,-2,2,2,43,1,A ,-2,-2,-2,1,1,1,1,1,4,8,3,0,2,1,2,8,9,1,40,2,1,2,-2,-2,-2,-2,-2,20123,Mitchell County,2001,-98.110826,39.482419,81,2,False
155618,Northwest Kansas Technical College,NWKTC or Northwest Tech,1209 Harrison Ave,Goodland,KS,67735,20,4,Ben Schears,President,7858903641,480690968,JJESPN5LJSX9,526700,1,www.nwktc.edu/,www.nwktc.edu/admissions-office,www.nwktc.edu/admissions/financial-aid,www.nwktc.edu/admissions/apply-now,www.nwktc.edu/net-price-calculator, ,www.nwktc.edu/about/student-outcome-data-disclosures,www.nwktc.edu/students/disability-services,4,2,1,3,1,2,40,1,2,-2,2,2,33,1,A ,-2,-2,-2,1,1,1,1,2,4,8,3,0,2,1,1,9,8,1,-2,2,1,2,-2,-2,-2,-2,-2,20181,Sherman County,2001,-101.70022,39.346424,81,2,False
155715,Pratt Community College, ,348 NE SR 61,Pratt,KS,67124,20,4,Michael Calvert,President,6206725641,480699112,MMNKMA9DLRG9,193800,1,www.prattcc.edu/,prattcc.edu/Admissions,prattcc.edu/financial-information/financial-aid,https://selfservice.prattcc.edu/PowerCampusSelfService/Admissions/Applications,prattcc.edu/sites/default/files/Net-Price-Calculator/npcalc.htm,prattcc.edu/veterans,prattcc.edu/about-pcc/general-and-consumer-information,prattcc.edu/student-success-center/disability-services,4,2,1,3,1,2,40,1,2,-2,2,2,33,1,A ,-2,-2,-2,1,1,1,1,1,4,6,2,0,2,1,2,6,9,1,40,2,2,2,-2,-2,-2,-2,-2,20151,Pratt County,2004,-98.714538,37.654451,75,1,False
155830,Salina Area Technical College,Salina Tech,2562 Centennial Road,Salina,KS,67401,20,4,Greg Nichols,President,7853093100,264364610,QWQ2J4E72927,549900,1,www.salinatech.edu/,www.salinatech.edu/#,www.salinatech.edu/admissions/financial-aid/financial-aid-information/,fs30.formsite.com/SalinaTech/SATCApplication/index.html,www.salinatech.edu/admissions/financial-aid/net-price-calculator/,www.salinatech.edu/admissions/veteran-military/, ,www.salinatech.edu/students/student-services/accessibility-services/,4,2,1,3,1,2,40,1,2,-2,2,2,33,1,A ,-2,-2,-2,1,1,1,1,1,4,9,3,0,1,1,1,9,9,1,-2,2,2,2,-2,-2,41460,2,-2,20169,Saline County,2001,-97.636892,38.793582,84,1,False
155858,Seward County Community College,SCCC,1801 N. Kansas Ave.,Liberal,KS,67901,20,4,Mr. Brad Bennett,President,6206241951,480756704,GP2EL6YP5P74,822800,1,sccc.edu/,sccc.edu/admissions-and-aid/,sccc.edu/static/web/students/financial- aid.html,https://sccc.edu/admissions-and-aid/admissions-information/,web-live2.sccc.edu/import_from_HTML/NetPriceCalculator/index.html,sccc.edu/academics/academic-resources/registrar/welcome-veterans-and-thank-you-for-your-service/,sccc.edu/students-right-to-know-information/,sccc.edu/accessibility-services/,4,2,1,3,1,2,40,1,2,-2,2,2,33,1,A ,-2,-2,-2,1,1,1,1,1,4,8,3,0,2,1,2,7,4,1,40,2,2,2,-2,-2,30580,2,-2,20175,Seward County,2001,-100.917695,37.059807,81,1,False
470047,WellSpring School of Allied Health-Lawrence,Wellspring - Lawrence,947 New Hampshire,Lawrence,KS,66045-3073,20,4,Donald M Farquharson,CEO,7858563903,10731982,PFF9K395KKB1,3970401,1,www.wellspring.edu/,www.wellspring.edu/admissions/,www.wellspring.edu/resources/financial-assistance/,www.wellspring.edu/contact-us/apply-now/,www.wellspring.edu/npc/npcalc.htm, , ,www.wellspring.edu/,6,2,3,3,1,2,40,1,2,-2,2,2,13,1,A ,-2,-2,-2,1,1,1,1,2,4,10,4,0,4,1,1,-2,-2,-2,-2,2,1,1,WellSpring Resources Inc.,304930,29940,1,312,20045,Douglas County,2001,-95.235123,38.965848,179,2,False
494898,WellSpring School of Allied Health-Wichita, ,600 S Tyler Road,Wichita,KS,67209,20,4,Donald Farquharson,Executive Director,3165307770,10731982,PFF9K395KKB1,3970403,1,www.wellspring.edu/,www.wellspring.edu/admissions/,www.wellspring.edu/financial-assistance/,www.wellspring.edu/contact-us/apply-now/,www.wellspring.edu/npc/npcalc.htm,www.wellspring.edu/admissions/military-benefit/, ,www.wellspring.edu/,6,2,3,3,1,2,40,1,2,-2,2,2,11,1,A ,-2,-2,-2,1,1,1,1,2,4,10,4,0,4,1,1,-2,-2,-2,-2,2,1,1,WellSpring Resources Inc.,304930,48620,1,556,20173,Sedgwick County,2004,-97.443119,37.673622,179,2,False
156107,Wichita State University-Campus of Applied Sciences and Technology,WSU Tech,4004 N Webb Rd. Bldg 100,Wichita,KS,67226,20,4,Sheree Utash,President,3166779400,201027060,HSXANJ7LWMX4,549800,1,www.wsutech.edu/,wsutech.edu/admissions/,wsutech.edu/financialaid/,wsutech.edu/apply,wsutech.edu/about/consumer-information/net-price-calculators/,wsutech.edu/veteransassistance/, ,wsutech.edu/admissions/disability-services/,4,2,1,3,1,2,40,1,2,-2,2,2,11,1,A ,-2,-2,-2,1,1,1,1,1,4,9,3,0,1,1,3,9,9,7,-2,2,3,2,-2,-2,48620,1,556,20173,Sedgwick County,2004,-97.224151,37.75764,83,1,False
478953,Bellus Academy, ,1130 Westloop Place,Manhattan,KS,66502-2838,20,4,Lynelle Lynch,CEO,8587481490,330587290, ,2343401,1,www.bellusacademy.edu/, , , ,https://www.bellusacademy.edu/wp-content/themes/bellus-gei/npc/kansas/, , ,www.bellusacademy.edu/about/consumer-information-disclosures/,9,3,3,2,1,2,0,2,2,-2,2,2,13,1,A ,-2,-2,-2,1,1,1,1,2,6,-2,-2,-2,-2,-2,-2,-2,-2,-2,-2,2,1,1,Poway Academy of Hair Design Inc.,303745,31740,1,-2,20161,Riley County,2001,-96.60827,39.191749,18,2,False
417503,Crave Beauty Academy, ,3804 W Douglas,Wichita,KS,67203,20,4,Kim McIntosh,President,3169435516,461872954,FQJ8PSGCTLQ5| UUPTYHDCYHA5,2603100,1,www.cravebeautyacademy.com/,www.cravebeautyacademy.com/,www.cravebeautyacademy.com/,www.cravebeautyacademy.com/enroll-now/?,https://cravebeautyacademy.com/NetPriceCalculator/2018/npcalc.htm, , ,www.cravebeautyacademy.com/,9,3,3,2,1,2,0,2,2,-2,2,2,11,1,A ,-2,-2,-2,1,1,1,1,2,6,-2,-2,-2,-2,-2,-2,-2,-2,-2,-2,2,1,1,Xenon International Academy,305020,48620,1,556,20173,Sedgwick County,2004,-97.387374,37.684374,20,2,False
457581,Eric Fisher Academy, ,6727 W Central,Wichita,KS,67212,20,4,Stephenie Dugan,Director,3164405555,205588108, ,4162700,1,www.ericfisheracademy.com/,www.ericfisheracademy.com/,www.ericfisheracademy.com/,www.ericfisheracademy.com/,https://www.ericfisheracademy.com/netprice/npcalc.htm, , ,www.ericfisheracademy.com/,9,3,3,2,1,2,0,2,2,-2,2,2,11,1,A ,-2,-2,-2,1,1,1,1,2,6,-2,-2,-2,-2,-2,-2,-2,-2,-2,-2,2,1,2,-2,-2,48620,1,556,20173,Sedgwick County,2004,-97.422011,37.693713,20,2,False
155159,Hays Academy of Hair Design,"Hays Academy of Hair Design, Hays Campus",1214 East 27th Street,Hays,KS,67601,20,4,Summer Melvin,Partner,7856286624,460510200,GY5LSBCC61N1,2257700,1,www.haysacademy.edu/, , , ,haysacademy.edu/calc/npcalchays.htm, , ,www.haysacademy.edu/,9,3,3,2,1,2,0,2,2,-2,2,2,33,1,A ,-2,-2,-2,1,1,1,1,2,6,-2,-2,-2,-2,-2,-2,-2,-2,-2,-2,2,1,2,-2,-2,25700,2,-2,20051,Ellis County,2001,-99.310623,38.884873,34,2,False
478917,Hays Academy of Hair Design,Hays Academy of Hair Design - Salina Campus,115 South 5th Street,Salina,KS,67401-0000,20,4,Summer D Melvin,Partner,7858332280,460510200,HY6NB6XHMK94,2257702,1,haysacademy.com/,haysacademy.com/,haysacademy.com/,haysacademy.com/,haysacademy.edu/calc/npcalcsalina.htm, , ,haysacademy.com/,9,3,3,2,1,2,0,2,2,-2,2,2,33,1,A ,-2,-2,-2,1,1,1,1,2,6,-2,-2,-2,-2,-2,-2,-2,-2,-2,-2,2,1,1,Hays Academy of Hair Design,302240,41460,2,-2,20169,Saline County,2001,-97.607551,38.8398,40,2,False
498845,Heartland Welding Academy, ,656 North Andover Road,Andover,KS,67002-9778,20,4,Charles Friedrichs,Managing Director/Owner,3167765246,821355555,NRXJNH9G3YU5,4304500,1,https://www.heartlandweldingacademy.com/, , , ,https://www.heartlandweldingacademy.com/financial-aid,https://www.heartlandweldingacademy.com/wp-content/uploads/2023/03/Handbook_Catalog_2023_3.21.23.pdf, ,https://www.heartlandweldingacademy.com/wp-content/uploads/2023/01/Disabilities-policy.pdf,9,3,3,1,1,2,0,2,2,-2,2,2,21,1,N ,-2,-2,-2,1,1,1,1,2,6,-2,-2,-2,-2,-2,-2,-2,-2,-2,-2,2,1,2,-2,-2,48620,1,556,20015,Butler County,2004,-97.134406,37.697688,217,2,False
493831,Midwest Barber College,"Govan Enterprises Inc,",901 SW. 37th Street,Topeka,KS,66611-2358,20,4,Lucy Opit,President,7852662500,474008139,GYJJHE3J7CZ3,4284500,1,www.midwestbarbercollege.com/, , , ,www.midwestbarbercollege.com/fafsa-calculator, , ,www.midwestbarbercollege.com/,9,3,3,2,1,2,0,2,2,-2,2,2,12,1,A ,-2,-2,-2,1,1,1,1,2,6,-2,-2,-2,-2,-2,-2,-2,-2,-2,-2,2,1,2,-2,-2,45820,1,-2,20177,Shawnee County,2002,-95.689254,39.000284,39,2,False
476902,Mitsu Sato Hair Academy,Mitsu Sato Academy,9062 Metcalf Avenue,Overland Park,KS,66212-1457,20,4,Mitsu Sato,Owner/Chief Financial Officer,9133417286,208394085,SVUTAYY3BST5,4205300,1,www.mitsusatohairacademy.com/, , , ,www.mitsusatohairacademy.com/, , ,www.mitsusatohairacademy.com/,9,3,3,2,1,2,0,2,2,-2,2,2,12,1,A ,-2,-2,-2,1,1,1,1,2,6,-2,-2,-2,-2,-2,-2,-2,-2,-2,-2,2,1,2,-2,-2,28140,1,312,20091,Johnson County,2003,-94.670149,38.964694,28,2,False
155353,Old Town Barber College-Wichita,Kansas School of Barbering,1211 E Douglas,Wichita,KS,67211-1605,20,4,Wayne Major,Owner,3162644891202,480804082,NJK4W9MJ1219,2134800,1,www.otbcollege.com/,www.otbcollege.com/,www.otbcollege.com/,www.otbcollege.com/,www.otbcollege.com/,www.otbcollege.com/,www.otbcollege.com/,www.otbcollege.com/,9,3,3,2,1,2,0,2,2,-2,2,2,11,1,A ,-2,-2,-2,1,1,1,1,2,6,-2,-2,-2,-2,-2,-2,-2,-2,-2,-2,2,1,1,Kansas School of Barbering,302630,48620,1,556,20173,Sedgwick County,2004,-97.323179,37.68586,29,2,False
476984,Paul Mitchell the School-Overland Park, ,8731 West 95th Street,Overland Park,KS,66212,20,4,Ted Wise,Owner,9133815757,260232196,KVLLWJ33Q8J7,4209300,1,paulmitchell.edu/overlandpark,paulmitchell.edu/overlandpark/request-enrollment-information,paulmitchell.edu/overlandpark/financial-aid,paulmitchell.edu/overlandpark/get-started,paulmitchell.edu/overlandpark/tuition-calculator,paulmitchell.edu/overlandpark/financial-aid/military-benefits, ,https://paul-mitchell-schools-website-lightsail.s3.amazonaws.com/uploads/sites/232/Overland-Park-ADA-Policy052623bn.pdf,9,3,3,2,1,2,0,2,2,-2,2,2,12,1,A ,-2,-2,-2,1,1,1,1,2,6,-2,-2,-2,-2,-2,-2,-2,-2,-2,-2,2,1,1,Paul Mitchell Advanced Education,303610,28140,1,312,20091,Johnson County,2003,-94.688051,38.955861,18,2,False
408066,Paul Mitchell the School-Wichita, ,3242 N. Rock Road Suite 106,Wichita,KS,67226-0000,20,4,Clint Davis,Owner,3166300600,261702931,CM5MJZL431M9,2606300,1,paulmitchell.edu/wichita,paulmitchell.edu/wichita/request-enrollment-information,paulmitchell.edu/wichita/financial-aid,https://paulmitchell.edu/wichita/get-started,paulmitchell.edu/wichita/tuition-calculator,paulmitchell.edu/wichita/financial-aid/military-benefits, ,https://paul-mitchell-schools-website-lightsail.s3.amazonaws.com/uploads/sites/183/Wichita-ADA-Policy082922bn.pdf,9,3,3,2,1,2,0,2,2,-2,2,2,11,1,A ,-2,-2,-2,1,1,1,1,2,6,-2,-2,-2,-2,-2,-2,-2,-2,-2,-2,2,1,1,Paul Mitchell Advanced Education,303610,48620,1,556,20173,Sedgwick County,2004,-97.2432,37.741502,19,2,False
498766,Sami Halaseh Institute, ,"1034 N Andover Rd, Suite A",Andover,KS,67002-8746,20,4,Sami Halaseh,Owner / President,3162608228,472438740,PCCDKH7H18B7,4297200,1,https://www.samihalasehinstitute.com/, , , ,https://www.samihalasehinstitute.com/studentcatalog,https://www.samihalasehinstitute.com/studentcatalog, ,https://www.samihalasehinstitute.com/studentcatalog,9,3,3,2,1,2,0,2,2,-2,2,2,21,1,N ,-2,-2,-2,1,1,1,1,2,6,-2,-2,-2,-2,-2,-2,-2,-2,-2,-2,2,1,2,-2,-2,48620,1,556,20015,Butler County,2004,-97.133845,37.704457,45,2,False
155423,Washburn Institute of Technology,Washburn Tech,5724 SW Huntoon,Topeka,KS,66604,20,4,JuliAnn Mazachek,President,7856702200,486030115,TCE8FCWEPLQ9,194901,1,www.washburntech.edu/,www.washburntech.edu/admissions/index.html,www.washburntech.edu/admissions/paying-for-college/federal-aid/index.html,https://www3-prod.washburn.edu/wit/index.php,www.washburntech.edu/net-price-calculator/npcalc.htm,https://www.washburntech.edu/admissions/veterans.html, ,www.washburntech.edu/admissions/disability.html,7,3,1,2,1,2,0,2,2,-2,2,2,12,1,A ,-2,-2,-2,1,1,1,1,1,6,-2,-2,-2,-2,-2,-2,-2,-2,-2,-2,2,2,2,-2,-2,45820,1,-2,20177,Shawnee County,2002,-95.751158,39.04497,1,1,False
156134,Wichita Technical Institute,W.T.I.,2051 South Meridian,Wichita,KS,67213-1927,20,4,J. Barry Mannion,President,3169432241,431918145,E3KRKMEZSCM1| FPCYK46KAK38| KV4YTHKRPJK7,1050300,1,www.wti.edu/,www.wti.edu/,www.wti.edu/,www.wti.edu/,www.wti.edu/tuition-calculator, , ,www.wti.edu/,9,3,3,2,1,2,0,2,2,-2,2,2,11,1,A ,-2,-2,-2,1,1,1,1,2,6,11,4,0,4,1,2,11,11,-2,-2,2,1,2,-2,-2,48620,1,556,20173,Sedgwick County,2004,-97.371819,37.656976,49,2,False
451237,Z Hair Academy,Z Hair Academy Inc.,14471 Metcalf,Overland Park,KS,66223,20,4,Ron McKenzie,President,9134064634,205942606,QXFDT9AUXNJ6,4132900,1,www.zhairacademy.com/, , , ,zhairacademy.com/net-price-calculator/, , ,www.zhairacademy.com/,9,3,3,2,1,2,0,2,2,-2,2,2,12,1,A ,-2,-2,-2,1,1,1,1,2,6,-2,-2,-2,-2,-2,-2,-2,-2,-2,-2,2,1,2,-2,-2,28140,1,312,20091,Johnson County,2003,-94.666351,38.867002,17,2,False
